2025-06-04 00:55:21,765 INFO  [org.jboss.modules] (main) JBoss Modules version 2.0.2.Final
2025-06-04 00:55:22,241 INFO  [org.jboss.msc] (main) JBoss MSC version 1.4.13.Final
2025-06-04 00:55:22,255 INFO  [org.jboss.threads] (main) JBoss Threads version 2.4.0.Final
2025-06-04 00:55:22,367 INFO  [org.jboss.as] (MSC service thread 1-2) WFLYSRV0049: WildFly Full 26.1.0.Final (WildFly Core 18.1.0.Final) starting
2025-06-04 00:55:22,367 DEBUG [org.jboss.as.config] (MSC service thread 1-2) Configured system properties:
	file.encoding = Cp1252
	file.separator = \
	java.awt.headless = true
	java.class.path = D:\Desktop\IMPORTANT_STUDY\OPI\Lab 4\wildfly-26.1.0.Final\jboss-modules.jar
	java.class.version = 61.0
	java.home = D:\JDK17
	java.io.tmpdir = C:\Users\Admin\AppData\Local\Temp\
	java.library.path = D:\JDK17\bin;C:\WINDOWS\Sun\Java\bin;C:\WINDOWS\system32;C:\WINDOWS;D:\JDK17\bin;C:\Program Files\Common Files\Oracle\Java\javapath;C:\Windows\system32;C:\Windows;C:\Windows\System32\Wbem;C:\Windows\System32\WindowsPowerShell\v1.0\;C:\Windows\System32\OpenSSH\;C:\Program Files\NVIDIA Corporation\NVIDIA NvDLISR;C:\Program Files (x86)\NVIDIA Corporation\PhysX\Common;C:\WINDOWS\system32;C:\WINDOWS;C:\WINDOWS\System32\Wbem;C:\WINDOWS\System32\WindowsPowerShell\v1.0\;C:\WINDOWS\System32\OpenSSH\;C:\Program Files\dotnet\;C:\msys64\mingw64\bin;D:\php-8.3.3;%M2_HOME%\bin;C:\Program Files\WireGuard\;C:\Program Files\CMake\bin;C:\ProgramData\chocolatey\bin;C:\Users\Admin\AppData\Local\Microsoft\WindowsApps;C:\Users\Admin\AppData\Local\GitHubDesktop\bin;C:\apache-maven-3.8.8-bin\apache-maven-3.8.8\bin;D:\Microsoft VS Code\bin;C:\Program Files\TortoiseSVN\bin;C:\Program Files\SlikSvn\bin;D:\Desktop\IMPORTANT_STUDY\??????????? ??????????\wrench-Windows-X64;D:\Git\cmd;C:\Program Files\Common Files\Oracle\Java\javapath;C:\Windows\system32;C:\Windows;C:\Windows\System32\Wbem;C:\Windows\System32\WindowsPowerShell\v1.0\;C:\Windows\System32\OpenSSH\;C:\Program Files\NVIDIA Corporation\NVIDIA NvDLISR;C:\Program Files (x86)\NVIDIA Corporation\PhysX\Common;C:\WINDOWS\system32;C:\WINDOWS;C:\WINDOWS\System32\Wbem;C:\WINDOWS\System32\WindowsPowerShell\v1.0\;C:\WINDOWS\System32\OpenSSH\;C:\Program Files\dotnet\;C:\msys64\mingw64\bin;D:\Java\bin;D:\php-8.3.3;D:\Git\cmd;%M2_HOME%\bin;C:\Program Files\WireGuard\;C:\Program Files\CMake\bin;C:\ProgramData\chocolatey\bin;C:\Users\Admin\AppData\Local\Microsoft\WindowsApps;D:\JDK17\bin;C:\Users\Admin\AppData\Local\GitHubDesktop\bin;C:\apache-maven-3.8.8-bin\apache-maven-3.8.8\bin;D:\Microsoft VS Code\bin;D:\Desktop\IMPORTANT STUDY\??????????? ??????????\wrench-Windows-X64;D:\apache-ant-1.10.15\bin;;.
	java.net.preferIPv4Stack = true
	java.runtime.name = Java(TM) SE Runtime Environment
	java.runtime.version = 17.0.8+9-LTS-211
	java.security.manager = allow
	java.specification.name = Java Platform API Specification
	java.specification.vendor = Oracle Corporation
	java.specification.version = 17
	java.util.logging.manager = org.jboss.logmanager.LogManager
	java.vendor = Oracle Corporation
	java.vendor.url = https://java.oracle.com/
	java.vendor.url.bug = https://bugreport.java.com/bugreport/
	java.version = 17.0.8
	java.version.date = 2023-07-18
	java.vm.compressedOopsMode = 32-bit
	java.vm.info = mixed mode, sharing
	java.vm.name = Java HotSpot(TM) 64-Bit Server VM
	java.vm.specification.name = Java Virtual Machine Specification
	java.vm.specification.vendor = Oracle Corporation
	java.vm.specification.version = 17
	java.vm.vendor = Oracle Corporation
	java.vm.version = 17.0.8+9-LTS-211
	javax.management.builder.initial = org.jboss.as.jmx.PluggableMBeanServerBuilder
	jboss.home.dir = D:\Desktop\IMPORTANT_STUDY\OPI\Lab 4\wildfly-26.1.0.Final
	jboss.host.name = phamdangtrungng
	jboss.modules.dir = D:\Desktop\IMPORTANT_STUDY\OPI\Lab 4\wildfly-26.1.0.Final\modules
	jboss.modules.system.pkgs = org.jboss.byteman
	jboss.node.name = phamdangtrungng
	jboss.qualified.host.name = phamdangtrungng
	jboss.server.base.dir = D:\Desktop\IMPORTANT_STUDY\OPI\Lab 4\wildfly-26.1.0.Final\standalone
	jboss.server.config.dir = D:\Desktop\IMPORTANT_STUDY\OPI\Lab 4\wildfly-26.1.0.Final\standalone\configuration
	jboss.server.data.dir = D:\Desktop\IMPORTANT_STUDY\OPI\Lab 4\wildfly-26.1.0.Final\standalone\data
	jboss.server.deploy.dir = D:\Desktop\IMPORTANT_STUDY\OPI\Lab 4\wildfly-26.1.0.Final\standalone\data\content
	jboss.server.log.dir = D:\Desktop\IMPORTANT_STUDY\OPI\Lab 4\wildfly-26.1.0.Final\standalone\log
	jboss.server.name = phamdangtrungng
	jboss.server.persist.config = true
	jboss.server.temp.dir = D:\Desktop\IMPORTANT_STUDY\OPI\Lab 4\wildfly-26.1.0.Final\standalone\tmp
	jdk.debug = release
	line.separator = 

	logging.configuration = file:D:\Desktop\IMPORTANT_STUDY\OPI\Lab 4\wildfly-26.1.0.Final\standalone\configuration/logging.properties
	module.path = D:\Desktop\IMPORTANT_STUDY\OPI\Lab 4\wildfly-26.1.0.Final\modules
	native.encoding = Cp1252
	org.jboss.boot.log.file = D:\Desktop\IMPORTANT_STUDY\OPI\Lab 4\wildfly-26.1.0.Final\standalone\log\server.log
	org.jboss.resolver.warning = true
	os.arch = amd64
	os.name = Windows 11
	os.version = 10.0
	path.separator = ;
	program.name = standalone.bat
	sun.arch.data.model = 64
	sun.boot.library.path = D:\JDK17\bin
	sun.cpu.endian = little
	sun.cpu.isalist = amd64
	sun.io.unicode.encoding = UnicodeLittle
	sun.java.command = D:\Desktop\IMPORTANT_STUDY\OPI\Lab 4\wildfly-26.1.0.Final\jboss-modules.jar -mp D:\Desktop\IMPORTANT_STUDY\OPI\Lab 4\wildfly-26.1.0.Final\modules org.jboss.as.standalone -Djboss.home.dir=D:\Desktop\IMPORTANT_STUDY\OPI\Lab 4\wildfly-26.1.0.Final
	sun.java.launcher = SUN_STANDARD
	sun.jnu.encoding = Cp1252
	sun.management.compiler = HotSpot 64-Bit Tiered Compilers
	sun.os.patch.level = 
	sun.stderr.encoding = cp437
	sun.stdout.encoding = cp437
	user.country = US
	user.dir = D:\Desktop\IMPORTANT_STUDY\OPI\Lab 4\wildfly-26.1.0.Final\bin
	user.home = C:\Users\Admin
	user.language = en
	user.name = Admin
	user.script = 
	user.timezone = Europe/Moscow
	user.variant = 
2025-06-04 00:55:22,367 DEBUG [org.jboss.as.config] (MSC service thread 1-2) VM Arguments: -Dprogram.name=standalone.bat -Xms64M -Xmx512M -XX:MetaspaceSize=96M -XX:MaxMetaspaceSize=256m -Djava.net.preferIPv4Stack=true -Djboss.modules.system.pkgs=org.jboss.byteman -Djava.awt.headless=true --add-exports=java.desktop/sun.awt=ALL-UNNAMED --add-exports=java.naming/com.sun.jndi.ldap=ALL-UNNAMED --add-opens=java.base/java.lang=ALL-UNNAMED --add-opens=java.base/java.lang.invoke=ALL-UNNAMED --add-opens=java.base/java.io=ALL-UNNAMED --add-opens=java.base/java.lang.reflect=ALL-UNNAMED --add-opens=java.base/java.security=ALL-UNNAMED --add-opens=java.base/java.util=ALL-UNNAMED --add-opens=java.base/java.util.concurrent=ALL-UNNAMED --add-opens=java.management/javax.management=ALL-UNNAMED --add-opens=java.naming/javax.naming=ALL-UNNAMED -Djava.security.manager=allow -Dorg.jboss.boot.log.file=D:\Desktop\IMPORTANT_STUDY\OPI\Lab 4\wildfly-26.1.0.Final\standalone\log\server.log -Dlogging.configuration=file:D:\Desktop\IMPORTANT_STUDY\OPI\Lab 4\wildfly-26.1.0.Final\standalone\configuration/logging.properties 
2025-06-04 00:55:23,134 INFO  [org.wildfly.security] (ServerService Thread Pool -- 27) ELY00001: WildFly Elytron version 1.19.0.Final
2025-06-04 00:55:24,049 INFO  [org.jboss.as.server] (Controller Boot Thread) WFLYSRV0039: Creating http management service using socket-binding (management-http)
2025-06-04 00:55:24,070 INFO  [org.xnio] (MSC service thread 1-8) XNIO version 3.8.6.Final
2025-06-04 00:55:24,080 INFO  [org.xnio.nio] (MSC service thread 1-8) XNIO NIO Implementation Version 3.8.6.Final
2025-06-04 00:55:24,192 INFO  [org.jboss.as.jaxrs] (ServerService Thread Pool -- 56) WFLYRS0016: RESTEasy version 4.7.4.Final
2025-06-04 00:55:24,215 INFO  [org.wildfly.extension.microprofile.jwt.smallrye] (ServerService Thread Pool -- 65) WFLYJWT0001: Activating MicroProfile JWT Subsystem
2025-06-04 00:55:24,215 WARN  [org.jboss.as.txn] (ServerService Thread Pool -- 74) WFLYTX0013: The node-identifier attribute on the /subsystem=transactions is set to the default value. This is a danger for environments running multiple servers. Please make sure the attribute value is unique.
2025-06-04 00:55:24,215 INFO  [org.wildfly.extension.elytron.oidc._private] (ServerService Thread Pool -- 52) WFLYOIDC0001: Activating WildFly Elytron OIDC Subsystem
2025-06-04 00:55:24,222 INFO  [org.wildfly.extension.microprofile.config.smallrye] (ServerService Thread Pool -- 64) WFLYCONF0001: Activating MicroProfile Config Subsystem
2025-06-04 00:55:24,229 INFO  [org.wildfly.extension.health] (ServerService Thread Pool -- 53) WFLYHEALTH0001: Activating Base Health Subsystem
2025-06-04 00:55:24,242 INFO  [org.jboss.as.clustering.infinispan] (ServerService Thread Pool -- 54) WFLYCLINF0001: Activating Infinispan subsystem.
2025-06-04 00:55:24,244 INFO  [org.jboss.as.jsf] (ServerService Thread Pool -- 61) WFLYJSF0007: Activated the following Jakarta Server Faces Implementations: [main]
2025-06-04 00:55:24,289 INFO  [org.wildfly.extension.microprofile.opentracing] (ServerService Thread Pool -- 66) WFLYTRACEXT0001: Activating MicroProfile OpenTracing Subsystem
2025-06-04 00:55:24,289 INFO  [org.wildfly.extension.metrics] (ServerService Thread Pool -- 63) WFLYMETRICS0001: Activating Base Metrics Subsystem
2025-06-04 00:55:24,289 INFO  [org.jboss.as.naming] (ServerService Thread Pool -- 67) WFLYNAM0001: Activating Naming Subsystem
2025-06-04 00:55:24,290 INFO  [org.jboss.as.webservices] (ServerService Thread Pool -- 76) WFLYWS0002: Activating WebServices Extension
2025-06-04 00:55:24,427 INFO  [org.jboss.as.connector] (MSC service thread 1-1) WFLYJCA0009: Starting Jakarta Connectors Subsystem (WildFly/IronJacamar 1.5.3.Final)
2025-06-04 00:55:24,562 INFO  [org.wildfly.extension.undertow] (MSC service thread 1-7) WFLYUT0003: Undertow 2.2.16.Final starting
2025-06-04 00:55:24,564 INFO  [org.jboss.as.connector.subsystems.datasources] (ServerService Thread Pool -- 44) WFLYJCA0004: Deploying JDBC-compliant driver class org.h2.Driver (version 1.4)
2025-06-04 00:55:24,586 INFO  [org.jboss.as.naming] (MSC service thread 1-2) WFLYNAM0003: Starting Naming Service
2025-06-04 00:55:24,587 INFO  [org.jboss.as.mail.extension] (MSC service thread 1-4) WFLYMAIL0001: Bound mail session [java:jboss/mail/Default]
2025-06-04 00:55:24,639 INFO  [org.jboss.as.connector.deployers.jdbc] (MSC service thread 1-6) WFLYJCA0018: Started Driver service with driver-name = h2
2025-06-04 00:55:24,702 WARN  [org.wildfly.extension.elytron] (MSC service thread 1-4) WFLYELY00023: KeyStore file 'D:\Desktop\IMPORTANT_STUDY\OPI\Lab 4\wildfly-26.1.0.Final\standalone\configuration\application.keystore' does not exist. Used blank.
2025-06-04 00:55:24,744 INFO  [org.wildfly.extension.io] (ServerService Thread Pool -- 55) WFLYIO001: Worker 'default' has auto-configured to 16 IO threads with 128 max task threads based on your 8 available processors
2025-06-04 00:55:24,765 INFO  [org.jboss.as.connector.subsystems.datasources] (ServerService Thread Pool -- 44) WFLYJCA0005: Deploying non-JDBC-compliant driver class org.postgresql.Driver (version 42.7)
2025-06-04 00:55:24,828 INFO  [org.jboss.as.connector.deployers.jdbc] (MSC service thread 1-4) WFLYJCA0018: Started Driver service with driver-name = postgresql
2025-06-04 00:55:24,839 INFO  [org.wildfly.extension.undertow] (ServerService Thread Pool -- 75) WFLYUT0014: Creating file handler for path 'D:\Desktop\IMPORTANT_STUDY\OPI\Lab 4\wildfly-26.1.0.Final/welcome-content' with options [directory-listing: 'false', follow-symlink: 'false', case-sensitive: 'true', safe-symlink-paths: '[]']
2025-06-04 00:55:24,850 WARN  [org.wildfly.extension.elytron] (MSC service thread 1-4) WFLYELY01084: KeyStore D:\Desktop\IMPORTANT_STUDY\OPI\Lab 4\wildfly-26.1.0.Final\standalone\configuration\application.keystore not found, it will be auto generated on first use with a self-signed certificate for host localhost
2025-06-04 00:55:24,935 INFO  [org.jboss.remoting] (MSC service thread 1-2) JBoss Remoting version 5.0.24.Final
2025-06-04 00:55:24,941 INFO  [org.jboss.as.ejb3] (MSC service thread 1-8) WFLYEJB0481: Strict pool slsb-strict-max-pool is using a max instance size of 128 (per class), which is derived from thread worker pool sizing.
2025-06-04 00:55:24,941 INFO  [org.jboss.as.ejb3] (MSC service thread 1-5) WFLYEJB0482: Strict pool mdb-strict-max-pool is using a max instance size of 32 (per class), which is derived from the number of CPUs on this host.
2025-06-04 00:55:24,962 INFO  [org.wildfly.extension.undertow] (MSC service thread 1-1) WFLYUT0012: Started server default-server.
2025-06-04 00:55:24,966 INFO  [org.wildfly.extension.undertow] (MSC service thread 1-5) Queuing requests.
2025-06-04 00:55:24,985 INFO  [org.wildfly.extension.undertow] (MSC service thread 1-5) WFLYUT0018: Host default-host starting
2025-06-04 00:55:25,119 INFO  [org.wildfly.extension.undertow] (MSC service thread 1-1) WFLYUT0006: Undertow HTTP listener default listening on 127.0.0.1:8080
2025-06-04 00:55:25,246 INFO  [org.wildfly.extension.undertow] (MSC service thread 1-5) WFLYUT0006: Undertow HTTPS listener https listening on 127.0.0.1:8443
2025-06-04 00:55:25,366 INFO  [org.jboss.as.patching] (MSC service thread 1-5) WFLYPAT0050: WildFly Full cumulative patch ID is: base, one-off patches include: none
2025-06-04 00:55:25,376 INFO  [org.jboss.as.server.deployment.scanner] (MSC service thread 1-5) WFLYDS0013: Started FileSystemDeploymentService for directory D:\Desktop\IMPORTANT_STUDY\OPI\Lab 4\wildfly-26.1.0.Final\standalone\deployments
2025-06-04 00:55:25,400 INFO  [org.jboss.as.server.deployment] (MSC service thread 1-6) WFLYSRV0027: Starting deployment of "WEB-LAB3-1.0.war" (runtime-name: "WEB-LAB3-1.0.war")
2025-06-04 00:55:25,427 INFO  [org.jboss.as.ejb3] (MSC service thread 1-1) WFLYEJB0493: Jakarta Enterprise Beans subsystem suspension complete
2025-06-04 00:55:25,537 INFO  [org.jboss.ws.common.management] (MSC service thread 1-7) JBWS022052: Starting JBossWS 5.4.4.Final (Apache CXF 3.4.5) 
2025-06-04 00:55:25,544 INFO  [org.jboss.as.connector.subsystems.datasources] (MSC service thread 1-8) WFLYJCA0001: Bound data source [java:jboss/datasources/ExampleDS]
2025-06-04 00:55:25,544 INFO  [org.jboss.as.connector.subsystems.datasources] (MSC service thread 1-3) WFLYJCA0001: Bound data source [java:jboss/datasources/postgresDS]
2025-06-04 00:55:26,927 INFO  [org.jboss.weld.deployer] (MSC service thread 1-2) WFLYWELD0003: Processing weld deployment WEB-LAB3-1.0.war
2025-06-04 00:55:27,062 INFO  [org.hibernate.validator.internal.util.Version] (MSC service thread 1-2) HV000001: Hibernate Validator 6.0.23.Final
2025-06-04 00:55:27,659 INFO  [io.jaegertracing.internal.JaegerTracer] (MSC service thread 1-2) No shutdown hook registered: Please call close() manually on application shutdown.
2025-06-04 00:55:27,662 INFO  [org.wildfly.microprofile.opentracing.smallrye] (MSC service thread 1-2) WFLYTRAC0001: Tracer initialized: JaegerTracer(version=Java-1.6.0, serviceName=WEB-LAB3-1.0.war, reporter=RemoteReporter(sender=org.wildfly.extension.microprofile.opentracing.spi.sender.WildFlySender@5b28370a, closeEnqueueTimeout=1000), sampler=ConstSampler(decision=true, tags={sampler.type=const, sampler.param=true}), tags={hostname=PHAMDANGTRUNGNGHIA, jaeger.version=Java-1.6.0, ip=192.168.4.108}, zipkinSharedRpcSpan=false, expandExceptionLogs=false, useTraceId128Bit=false)
2025-06-04 00:55:27,911 INFO  [org.jboss.as.connector.deployers.jdbc] (MSC service thread 1-1) WFLYJCA0005: Deploying non-JDBC-compliant driver class org.postgresql.Driver (version 42.5)
2025-06-04 00:55:27,937 INFO  [org.jboss.weld.Version] (MSC service thread 1-1) WELD-000900: 3.1.9 (Final)
2025-06-04 00:55:28,031 INFO  [org.jboss.as.connector.deployers.jdbc] (MSC service thread 1-6) WFLYJCA0018: Started Driver service with driver-name = WEB-LAB3-1.0.war_org.postgresql.Driver_42_5
2025-06-04 00:55:28,132 INFO  [org.infinispan.CONTAINER] (ServerService Thread Pool -- 78) ISPN000128: Infinispan version: Infinispan 'Triskaidekaphobia' 13.0.8.Final
2025-06-04 00:55:28,296 INFO  [org.infinispan.CONTAINER] (ServerService Thread Pool -- 78) ISPN000556: Starting user marshaller 'org.wildfly.clustering.infinispan.spi.marshalling.InfinispanProtoStreamMarshaller'
2025-06-04 00:55:28,954 INFO  [org.infinispan.CONFIG] (MSC service thread 1-7) ISPN000152: Passivation configured without an eviction policy being selected. Only manually evicted entities will be passivated.
2025-06-04 00:55:28,956 INFO  [org.infinispan.CONFIG] (MSC service thread 1-7) ISPN000152: Passivation configured without an eviction policy being selected. Only manually evicted entities will be passivated.
2025-06-04 00:55:28,979 INFO  [org.infinispan.CONTAINER] (ServerService Thread Pool -- 78) ISPN000025: wakeUpInterval is <= 0, not starting expired purge thread
2025-06-04 00:55:28,985 INFO  [org.jboss.as.clustering.infinispan] (ServerService Thread Pool -- 78) WFLYCLINF0002: Started http-remoting-connector cache from ejb container
2025-06-04 00:55:29,208 INFO  [javax.enterprise.resource.webcontainer.jsf.config] (ServerService Thread Pool -- 93) Initializing Mojarra 2.3.17.SP01 for context '/WEB-LAB3-1.0'
2025-06-04 00:55:30,161 INFO  [org.primefaces.webapp.PostConstructApplicationEventListener] (ServerService Thread Pool -- 93) Running on PrimeFaces 8.0
2025-06-04 00:55:30,207 INFO  [org.wildfly.extension.undertow] (ServerService Thread Pool -- 93) WFLYUT0021: Registered web context: '/WEB-LAB3-1.0' for server 'default-server'
2025-06-04 00:55:30,296 INFO  [org.jboss.as.server] (Controller Boot Thread) WFLYSRV0010: Deployed "WEB-LAB3-1.0.war" (runtime-name : "WEB-LAB3-1.0.war")
2025-06-04 00:55:30,354 INFO  [org.jboss.as.server] (Controller Boot Thread) WFLYSRV0212: Resuming server
2025-06-04 00:55:30,357 INFO  [org.jboss.as] (Controller Boot Thread) WFLYSRV0025: WildFly Full 26.1.0.Final (WildFly Core 18.1.0.Final) started in 8891ms - Started 502 of 702 services (342 services are lazy, passive or on-demand) - Server configuration file in use: standalone.xml
2025-06-04 00:55:30,364 INFO  [org.jboss.as] (Controller Boot Thread) WFLYSRV0060: Http management interface listening on http://127.0.0.1:9990/management
2025-06-04 00:55:30,367 INFO  [org.jboss.as] (Controller Boot Thread) WFLYSRV0051: Admin console listening on http://127.0.0.1:9990
2025-06-04 00:55:54,085 INFO  [stdout] (*** Profiler Agent Communication Thread) Profiler Agent: Waiting for connection on port 5140 (Protocol version: 21)
2025-06-04 00:55:54,167 INFO  [stdout] (*** Profiler Agent Communication Thread) Profiler Agent: Established connection with the tool
2025-06-04 00:55:54,453 INFO  [stdout] (*** Profiler Agent Communication Thread) Profiler Agent: Local accelerated session
2025-06-04 00:58:51,873 INFO  [org.jboss.as.server] (Thread-1) WFLYSRV0272: Suspending server
2025-06-04 00:58:51,881 INFO  [org.jboss.as.ejb3] (Thread-1) WFLYEJB0493: Jakarta Enterprise Beans subsystem suspension complete
2025-06-04 00:58:51,937 INFO  [org.jboss.as.server] (Thread-1) WFLYSRV0220: Server shutdown has been requested via an OS signal
2025-06-04 00:58:52,018 INFO  [org.jboss.as.connector.deployers.jdbc] (MSC service thread 1-6) WFLYJCA0019: Stopped Driver service with driver-name = WEB-LAB3-1.0.war_org.postgresql.Driver_42_5
2025-06-04 00:58:52,022 INFO  [org.jboss.as.connector.subsystems.datasources] (MSC service thread 1-3) WFLYJCA0010: Unbound data source [java:jboss/datasources/postgresDS]
2025-06-04 00:58:52,068 INFO  [org.jboss.as.mail.extension] (MSC service thread 1-7) WFLYMAIL0002: Unbound mail session [java:jboss/mail/Default]
2025-06-04 00:58:52,074 INFO  [org.wildfly.extension.undertow] (ServerService Thread Pool -- 93) WFLYUT0022: Unregistered web context: '/WEB-LAB3-1.0' from server 'default-server'
2025-06-04 00:58:52,206 INFO  [org.jboss.as.connector.deployers.jdbc] (MSC service thread 1-5) WFLYJCA0019: Stopped Driver service with driver-name = postgresql
2025-06-04 00:58:52,379 INFO  [org.wildfly.extension.undertow] (MSC service thread 1-2) WFLYUT0019: Host default-host stopping
2025-06-04 00:58:52,539 INFO  [org.jboss.as.clustering.infinispan] (ServerService Thread Pool -- 99) WFLYCLINF0003: Stopped http-remoting-connector cache from ejb container
2025-06-04 00:58:52,548 INFO  [org.jboss.as.connector.subsystems.datasources] (MSC service thread 1-8) WFLYJCA0010: Unbound data source [java:jboss/datasources/ExampleDS]
2025-06-04 00:58:52,550 INFO  [org.jboss.as.connector.deployers.jdbc] (MSC service thread 1-1) WFLYJCA0019: Stopped Driver service with driver-name = h2
2025-06-04 00:58:52,669 INFO  [org.wildfly.extension.undertow] (MSC service thread 1-8) WFLYUT0008: Undertow HTTPS listener https suspending
2025-06-04 00:58:52,669 INFO  [org.wildfly.extension.undertow] (MSC service thread 1-7) WFLYUT0008: Undertow HTTP listener default suspending
2025-06-04 00:58:52,672 INFO  [org.wildfly.extension.undertow] (MSC service thread 1-8) WFLYUT0007: Undertow HTTPS listener https stopped, was bound to 127.0.0.1:8443
2025-06-04 00:58:52,672 INFO  [org.wildfly.extension.undertow] (MSC service thread 1-7) WFLYUT0007: Undertow HTTP listener default stopped, was bound to 127.0.0.1:8080
2025-06-04 00:58:52,687 INFO  [org.wildfly.extension.undertow] (MSC service thread 1-5) WFLYUT0004: Undertow 2.2.16.Final stopping
2025-06-04 00:58:52,789 INFO  [org.jboss.as.server.deployment] (MSC service thread 1-4) WFLYSRV0028: Stopped deployment WEB-LAB3-1.0.war (runtime-name: WEB-LAB3-1.0.war) in 795ms
2025-06-04 00:58:52,867 INFO  [org.jboss.as] (MSC service thread 1-5) WFLYSRV0050: WildFly Full 26.1.0.Final (WildFly Core 18.1.0.Final) stopped in 920ms
2025-06-04 00:59:23,717 INFO  [stdout] (*** Profiler Agent Special Execution Thread 7) Profiler Agent: Connection with agent closed
2025-06-04 00:59:34,553 INFO  [org.jboss.modules] (main) JBoss Modules version 2.0.2.Final
2025-06-04 00:59:34,935 INFO  [org.jboss.msc] (main) JBoss MSC version 1.4.13.Final
2025-06-04 00:59:34,942 INFO  [org.jboss.threads] (main) JBoss Threads version 2.4.0.Final
2025-06-04 00:59:35,050 INFO  [org.jboss.as] (MSC service thread 1-2) WFLYSRV0049: WildFly Full 26.1.0.Final (WildFly Core 18.1.0.Final) starting
2025-06-04 00:59:35,052 DEBUG [org.jboss.as.config] (MSC service thread 1-2) Configured system properties:
	file.encoding = Cp1252
	file.separator = \
	java.awt.headless = true
	java.class.path = D:\Desktop\IMPORTANT_STUDY\OPI\Lab 4\wildfly-26.1.0.Final\jboss-modules.jar
	java.class.version = 61.0
	java.home = D:\JDK17
	java.io.tmpdir = C:\Users\Admin\AppData\Local\Temp\
	java.library.path = D:\JDK17\bin;C:\WINDOWS\Sun\Java\bin;C:\WINDOWS\system32;C:\WINDOWS;D:\JDK17\bin;C:\Program Files\Common Files\Oracle\Java\javapath;C:\Windows\system32;C:\Windows;C:\Windows\System32\Wbem;C:\Windows\System32\WindowsPowerShell\v1.0\;C:\Windows\System32\OpenSSH\;C:\Program Files\NVIDIA Corporation\NVIDIA NvDLISR;C:\Program Files (x86)\NVIDIA Corporation\PhysX\Common;C:\WINDOWS\system32;C:\WINDOWS;C:\WINDOWS\System32\Wbem;C:\WINDOWS\System32\WindowsPowerShell\v1.0\;C:\WINDOWS\System32\OpenSSH\;C:\Program Files\dotnet\;C:\msys64\mingw64\bin;D:\php-8.3.3;%M2_HOME%\bin;C:\Program Files\WireGuard\;C:\Program Files\CMake\bin;C:\ProgramData\chocolatey\bin;C:\Users\Admin\AppData\Local\Microsoft\WindowsApps;C:\Users\Admin\AppData\Local\GitHubDesktop\bin;C:\apache-maven-3.8.8-bin\apache-maven-3.8.8\bin;D:\Microsoft VS Code\bin;C:\Program Files\TortoiseSVN\bin;C:\Program Files\SlikSvn\bin;D:\Desktop\IMPORTANT_STUDY\??????????? ??????????\wrench-Windows-X64;D:\Git\cmd;C:\Program Files\Common Files\Oracle\Java\javapath;C:\Windows\system32;C:\Windows;C:\Windows\System32\Wbem;C:\Windows\System32\WindowsPowerShell\v1.0\;C:\Windows\System32\OpenSSH\;C:\Program Files\NVIDIA Corporation\NVIDIA NvDLISR;C:\Program Files (x86)\NVIDIA Corporation\PhysX\Common;C:\WINDOWS\system32;C:\WINDOWS;C:\WINDOWS\System32\Wbem;C:\WINDOWS\System32\WindowsPowerShell\v1.0\;C:\WINDOWS\System32\OpenSSH\;C:\Program Files\dotnet\;C:\msys64\mingw64\bin;D:\Java\bin;D:\php-8.3.3;D:\Git\cmd;%M2_HOME%\bin;C:\Program Files\WireGuard\;C:\Program Files\CMake\bin;C:\ProgramData\chocolatey\bin;C:\Users\Admin\AppData\Local\Microsoft\WindowsApps;D:\JDK17\bin;C:\Users\Admin\AppData\Local\GitHubDesktop\bin;C:\apache-maven-3.8.8-bin\apache-maven-3.8.8\bin;D:\Microsoft VS Code\bin;D:\Desktop\IMPORTANT STUDY\??????????? ??????????\wrench-Windows-X64;D:\apache-ant-1.10.15\bin;;.
	java.net.preferIPv4Stack = true
	java.runtime.name = Java(TM) SE Runtime Environment
	java.runtime.version = 17.0.8+9-LTS-211
	java.security.manager = allow
	java.specification.name = Java Platform API Specification
	java.specification.vendor = Oracle Corporation
	java.specification.version = 17
	java.util.logging.manager = org.jboss.logmanager.LogManager
	java.vendor = Oracle Corporation
	java.vendor.url = https://java.oracle.com/
	java.vendor.url.bug = https://bugreport.java.com/bugreport/
	java.version = 17.0.8
	java.version.date = 2023-07-18
	java.vm.compressedOopsMode = 32-bit
	java.vm.info = mixed mode, sharing
	java.vm.name = Java HotSpot(TM) 64-Bit Server VM
	java.vm.specification.name = Java Virtual Machine Specification
	java.vm.specification.vendor = Oracle Corporation
	java.vm.specification.version = 17
	java.vm.vendor = Oracle Corporation
	java.vm.version = 17.0.8+9-LTS-211
	javax.management.builder.initial = org.jboss.as.jmx.PluggableMBeanServerBuilder
	jboss.home.dir = D:\Desktop\IMPORTANT_STUDY\OPI\Lab 4\wildfly-26.1.0.Final
	jboss.host.name = phamdangtrungng
	jboss.modules.dir = D:\Desktop\IMPORTANT_STUDY\OPI\Lab 4\wildfly-26.1.0.Final\modules
	jboss.modules.system.pkgs = org.jboss.byteman
	jboss.node.name = phamdangtrungng
	jboss.qualified.host.name = phamdangtrungng
	jboss.server.base.dir = D:\Desktop\IMPORTANT_STUDY\OPI\Lab 4\wildfly-26.1.0.Final\standalone
	jboss.server.config.dir = D:\Desktop\IMPORTANT_STUDY\OPI\Lab 4\wildfly-26.1.0.Final\standalone\configuration
	jboss.server.data.dir = D:\Desktop\IMPORTANT_STUDY\OPI\Lab 4\wildfly-26.1.0.Final\standalone\data
	jboss.server.deploy.dir = D:\Desktop\IMPORTANT_STUDY\OPI\Lab 4\wildfly-26.1.0.Final\standalone\data\content
	jboss.server.log.dir = D:\Desktop\IMPORTANT_STUDY\OPI\Lab 4\wildfly-26.1.0.Final\standalone\log
	jboss.server.name = phamdangtrungng
	jboss.server.persist.config = true
	jboss.server.temp.dir = D:\Desktop\IMPORTANT_STUDY\OPI\Lab 4\wildfly-26.1.0.Final\standalone\tmp
	jdk.debug = release
	line.separator = 

	logging.configuration = file:D:\Desktop\IMPORTANT_STUDY\OPI\Lab 4\wildfly-26.1.0.Final\standalone\configuration/logging.properties
	module.path = D:\Desktop\IMPORTANT_STUDY\OPI\Lab 4\wildfly-26.1.0.Final\modules
	native.encoding = Cp1252
	org.jboss.boot.log.file = D:\Desktop\IMPORTANT_STUDY\OPI\Lab 4\wildfly-26.1.0.Final\standalone\log\server.log
	org.jboss.resolver.warning = true
	os.arch = amd64
	os.name = Windows 11
	os.version = 10.0
	path.separator = ;
	program.name = standalone.bat
	sun.arch.data.model = 64
	sun.boot.library.path = D:\JDK17\bin
	sun.cpu.endian = little
	sun.cpu.isalist = amd64
	sun.io.unicode.encoding = UnicodeLittle
	sun.java.command = D:\Desktop\IMPORTANT_STUDY\OPI\Lab 4\wildfly-26.1.0.Final\jboss-modules.jar -mp D:\Desktop\IMPORTANT_STUDY\OPI\Lab 4\wildfly-26.1.0.Final\modules org.jboss.as.standalone -Djboss.home.dir=D:\Desktop\IMPORTANT_STUDY\OPI\Lab 4\wildfly-26.1.0.Final
	sun.java.launcher = SUN_STANDARD
	sun.jnu.encoding = Cp1252
	sun.management.compiler = HotSpot 64-Bit Tiered Compilers
	sun.os.patch.level = 
	sun.stderr.encoding = cp437
	sun.stdout.encoding = cp437
	user.country = US
	user.dir = D:\Desktop\IMPORTANT_STUDY\OPI\Lab 4\wildfly-26.1.0.Final\bin
	user.home = C:\Users\Admin
	user.language = en
	user.name = Admin
	user.script = 
	user.timezone = Europe/Moscow
	user.variant = 
2025-06-04 00:59:35,054 DEBUG [org.jboss.as.config] (MSC service thread 1-2) VM Arguments: -Dprogram.name=standalone.bat -Xms64M -Xmx512M -XX:MetaspaceSize=96M -XX:MaxMetaspaceSize=256m -Djava.net.preferIPv4Stack=true -Djboss.modules.system.pkgs=org.jboss.byteman -Djava.awt.headless=true --add-exports=java.desktop/sun.awt=ALL-UNNAMED --add-exports=java.naming/com.sun.jndi.ldap=ALL-UNNAMED --add-opens=java.base/java.lang=ALL-UNNAMED --add-opens=java.base/java.lang.invoke=ALL-UNNAMED --add-opens=java.base/java.io=ALL-UNNAMED --add-opens=java.base/java.lang.reflect=ALL-UNNAMED --add-opens=java.base/java.security=ALL-UNNAMED --add-opens=java.base/java.util=ALL-UNNAMED --add-opens=java.base/java.util.concurrent=ALL-UNNAMED --add-opens=java.management/javax.management=ALL-UNNAMED --add-opens=java.naming/javax.naming=ALL-UNNAMED -Djava.security.manager=allow -Dorg.jboss.boot.log.file=D:\Desktop\IMPORTANT_STUDY\OPI\Lab 4\wildfly-26.1.0.Final\standalone\log\server.log -Dlogging.configuration=file:D:\Desktop\IMPORTANT_STUDY\OPI\Lab 4\wildfly-26.1.0.Final\standalone\configuration/logging.properties 
2025-06-04 00:59:35,733 INFO  [org.wildfly.security] (ServerService Thread Pool -- 27) ELY00001: WildFly Elytron version 1.19.0.Final
2025-06-04 00:59:36,511 INFO  [org.jboss.as.server] (Controller Boot Thread) WFLYSRV0039: Creating http management service using socket-binding (management-http)
2025-06-04 00:59:36,543 INFO  [org.xnio] (MSC service thread 1-2) XNIO version 3.8.6.Final
2025-06-04 00:59:36,557 INFO  [org.xnio.nio] (MSC service thread 1-2) XNIO NIO Implementation Version 3.8.6.Final
2025-06-04 00:59:36,665 INFO  [org.jboss.as.jaxrs] (ServerService Thread Pool -- 56) WFLYRS0016: RESTEasy version 4.7.4.Final
2025-06-04 00:59:36,678 WARN  [org.jboss.as.txn] (ServerService Thread Pool -- 74) WFLYTX0013: The node-identifier attribute on the /subsystem=transactions is set to the default value. This is a danger for environments running multiple servers. Please make sure the attribute value is unique.
2025-06-04 00:59:36,698 INFO  [org.wildfly.extension.microprofile.jwt.smallrye] (ServerService Thread Pool -- 65) WFLYJWT0001: Activating MicroProfile JWT Subsystem
2025-06-04 00:59:36,703 INFO  [org.wildfly.extension.elytron.oidc._private] (ServerService Thread Pool -- 52) WFLYOIDC0001: Activating WildFly Elytron OIDC Subsystem
2025-06-04 00:59:36,707 INFO  [org.wildfly.extension.microprofile.config.smallrye] (ServerService Thread Pool -- 64) WFLYCONF0001: Activating MicroProfile Config Subsystem
2025-06-04 00:59:36,721 INFO  [org.wildfly.extension.health] (ServerService Thread Pool -- 53) WFLYHEALTH0001: Activating Base Health Subsystem
2025-06-04 00:59:36,757 INFO  [org.jboss.as.clustering.infinispan] (ServerService Thread Pool -- 54) WFLYCLINF0001: Activating Infinispan subsystem.
2025-06-04 00:59:36,790 INFO  [org.wildfly.extension.microprofile.opentracing] (ServerService Thread Pool -- 66) WFLYTRACEXT0001: Activating MicroProfile OpenTracing Subsystem
2025-06-04 00:59:36,791 INFO  [org.jboss.as.naming] (ServerService Thread Pool -- 67) WFLYNAM0001: Activating Naming Subsystem
2025-06-04 00:59:36,792 INFO  [org.jboss.as.webservices] (ServerService Thread Pool -- 76) WFLYWS0002: Activating WebServices Extension
2025-06-04 00:59:36,792 INFO  [org.jboss.as.jsf] (ServerService Thread Pool -- 61) WFLYJSF0007: Activated the following Jakarta Server Faces Implementations: [main]
2025-06-04 00:59:36,808 INFO  [org.wildfly.extension.metrics] (ServerService Thread Pool -- 63) WFLYMETRICS0001: Activating Base Metrics Subsystem
2025-06-04 00:59:37,047 INFO  [org.wildfly.extension.undertow] (MSC service thread 1-6) WFLYUT0003: Undertow 2.2.16.Final starting
2025-06-04 00:59:37,060 INFO  [org.jboss.as.connector] (MSC service thread 1-7) WFLYJCA0009: Starting Jakarta Connectors Subsystem (WildFly/IronJacamar 1.5.3.Final)
2025-06-04 00:59:37,100 INFO  [org.jboss.as.connector.subsystems.datasources] (ServerService Thread Pool -- 44) WFLYJCA0004: Deploying JDBC-compliant driver class org.h2.Driver (version 1.4)
2025-06-04 00:59:37,109 INFO  [org.jboss.as.naming] (MSC service thread 1-6) WFLYNAM0003: Starting Naming Service
2025-06-04 00:59:37,125 INFO  [org.jboss.as.mail.extension] (MSC service thread 1-1) WFLYMAIL0001: Bound mail session [java:jboss/mail/Default]
2025-06-04 00:59:37,143 INFO  [org.jboss.as.connector.deployers.jdbc] (MSC service thread 1-7) WFLYJCA0018: Started Driver service with driver-name = h2
2025-06-04 00:59:37,181 INFO  [org.wildfly.extension.io] (ServerService Thread Pool -- 55) WFLYIO001: Worker 'default' has auto-configured to 16 IO threads with 128 max task threads based on your 8 available processors
2025-06-04 00:59:37,217 WARN  [org.wildfly.extension.elytron] (MSC service thread 1-7) WFLYELY00023: KeyStore file 'D:\Desktop\IMPORTANT_STUDY\OPI\Lab 4\wildfly-26.1.0.Final\standalone\configuration\application.keystore' does not exist. Used blank.
2025-06-04 00:59:37,243 INFO  [org.jboss.as.connector.subsystems.datasources] (ServerService Thread Pool -- 44) WFLYJCA0005: Deploying non-JDBC-compliant driver class org.postgresql.Driver (version 42.7)
2025-06-04 00:59:37,258 INFO  [org.jboss.as.connector.deployers.jdbc] (MSC service thread 1-1) WFLYJCA0018: Started Driver service with driver-name = postgresql
2025-06-04 00:59:37,318 WARN  [org.wildfly.extension.elytron] (MSC service thread 1-7) WFLYELY01084: KeyStore D:\Desktop\IMPORTANT_STUDY\OPI\Lab 4\wildfly-26.1.0.Final\standalone\configuration\application.keystore not found, it will be auto generated on first use with a self-signed certificate for host localhost
2025-06-04 00:59:37,356 INFO  [org.wildfly.extension.undertow] (ServerService Thread Pool -- 75) WFLYUT0014: Creating file handler for path 'D:\Desktop\IMPORTANT_STUDY\OPI\Lab 4\wildfly-26.1.0.Final/welcome-content' with options [directory-listing: 'false', follow-symlink: 'false', case-sensitive: 'true', safe-symlink-paths: '[]']
2025-06-04 00:59:37,394 INFO  [org.jboss.remoting] (MSC service thread 1-2) JBoss Remoting version 5.0.24.Final
2025-06-04 00:59:37,439 INFO  [org.wildfly.extension.undertow] (MSC service thread 1-5) WFLYUT0012: Started server default-server.
2025-06-04 00:59:37,443 INFO  [org.wildfly.extension.undertow] (MSC service thread 1-1) Queuing requests.
2025-06-04 00:59:37,451 INFO  [org.wildfly.extension.undertow] (MSC service thread 1-1) WFLYUT0018: Host default-host starting
2025-06-04 00:59:37,453 INFO  [org.jboss.as.ejb3] (MSC service thread 1-7) WFLYEJB0481: Strict pool slsb-strict-max-pool is using a max instance size of 128 (per class), which is derived from thread worker pool sizing.
2025-06-04 00:59:37,453 INFO  [org.jboss.as.ejb3] (MSC service thread 1-6) WFLYEJB0482: Strict pool mdb-strict-max-pool is using a max instance size of 32 (per class), which is derived from the number of CPUs on this host.
2025-06-04 00:59:37,605 INFO  [org.wildfly.extension.undertow] (MSC service thread 1-5) WFLYUT0006: Undertow HTTP listener default listening on 127.0.0.1:8080
2025-06-04 00:59:37,727 INFO  [org.wildfly.extension.undertow] (MSC service thread 1-2) WFLYUT0006: Undertow HTTPS listener https listening on 127.0.0.1:8443
2025-06-04 00:59:37,810 INFO  [org.jboss.as.patching] (MSC service thread 1-1) WFLYPAT0050: WildFly Full cumulative patch ID is: base, one-off patches include: none
2025-06-04 00:59:37,814 INFO  [org.jboss.as.server.deployment.scanner] (MSC service thread 1-6) WFLYDS0013: Started FileSystemDeploymentService for directory D:\Desktop\IMPORTANT_STUDY\OPI\Lab 4\wildfly-26.1.0.Final\standalone\deployments
2025-06-04 00:59:37,838 INFO  [org.jboss.as.server.deployment] (MSC service thread 1-2) WFLYSRV0027: Starting deployment of "WEB-LAB3-1.0.war" (runtime-name: "WEB-LAB3-1.0.war")
2025-06-04 00:59:37,850 INFO  [org.jboss.as.ejb3] (MSC service thread 1-7) WFLYEJB0493: Jakarta Enterprise Beans subsystem suspension complete
2025-06-04 00:59:37,973 INFO  [org.jboss.ws.common.management] (MSC service thread 1-8) JBWS022052: Starting JBossWS 5.4.4.Final (Apache CXF 3.4.5) 
2025-06-04 00:59:37,984 INFO  [org.jboss.as.connector.subsystems.datasources] (MSC service thread 1-2) WFLYJCA0001: Bound data source [java:jboss/datasources/postgresDS]
2025-06-04 00:59:37,984 INFO  [org.jboss.as.connector.subsystems.datasources] (MSC service thread 1-4) WFLYJCA0001: Bound data source [java:jboss/datasources/ExampleDS]
2025-06-04 00:59:39,159 INFO  [org.jboss.weld.deployer] (MSC service thread 1-3) WFLYWELD0003: Processing weld deployment WEB-LAB3-1.0.war
2025-06-04 00:59:39,337 INFO  [org.hibernate.validator.internal.util.Version] (MSC service thread 1-3) HV000001: Hibernate Validator 6.0.23.Final
2025-06-04 00:59:39,944 INFO  [io.jaegertracing.internal.JaegerTracer] (MSC service thread 1-3) No shutdown hook registered: Please call close() manually on application shutdown.
2025-06-04 00:59:39,948 INFO  [org.wildfly.microprofile.opentracing.smallrye] (MSC service thread 1-3) WFLYTRAC0001: Tracer initialized: JaegerTracer(version=Java-1.6.0, serviceName=WEB-LAB3-1.0.war, reporter=RemoteReporter(sender=org.wildfly.extension.microprofile.opentracing.spi.sender.WildFlySender@422976d2, closeEnqueueTimeout=1000), sampler=ConstSampler(decision=true, tags={sampler.type=const, sampler.param=true}), tags={hostname=PHAMDANGTRUNGNGHIA, jaeger.version=Java-1.6.0, ip=192.168.4.108}, zipkinSharedRpcSpan=false, expandExceptionLogs=false, useTraceId128Bit=false)
2025-06-04 00:59:40,242 INFO  [org.jboss.as.connector.deployers.jdbc] (MSC service thread 1-3) WFLYJCA0005: Deploying non-JDBC-compliant driver class org.postgresql.Driver (version 42.5)
2025-06-04 00:59:40,292 INFO  [org.jboss.weld.Version] (MSC service thread 1-3) WELD-000900: 3.1.9 (Final)
2025-06-04 00:59:40,400 INFO  [org.jboss.as.connector.deployers.jdbc] (MSC service thread 1-1) WFLYJCA0018: Started Driver service with driver-name = WEB-LAB3-1.0.war_org.postgresql.Driver_42_5
2025-06-04 00:59:40,471 INFO  [org.infinispan.CONTAINER] (ServerService Thread Pool -- 78) ISPN000128: Infinispan version: Infinispan 'Triskaidekaphobia' 13.0.8.Final
2025-06-04 00:59:40,601 INFO  [org.infinispan.CONTAINER] (ServerService Thread Pool -- 78) ISPN000556: Starting user marshaller 'org.wildfly.clustering.infinispan.spi.marshalling.InfinispanProtoStreamMarshaller'
2025-06-04 00:59:41,214 INFO  [org.infinispan.CONFIG] (MSC service thread 1-1) ISPN000152: Passivation configured without an eviction policy being selected. Only manually evicted entities will be passivated.
2025-06-04 00:59:41,216 INFO  [org.infinispan.CONFIG] (MSC service thread 1-1) ISPN000152: Passivation configured without an eviction policy being selected. Only manually evicted entities will be passivated.
2025-06-04 00:59:41,251 INFO  [org.infinispan.CONTAINER] (ServerService Thread Pool -- 78) ISPN000025: wakeUpInterval is <= 0, not starting expired purge thread
2025-06-04 00:59:41,260 INFO  [org.jboss.as.clustering.infinispan] (ServerService Thread Pool -- 78) WFLYCLINF0002: Started http-remoting-connector cache from ejb container
2025-06-04 00:59:41,491 INFO  [javax.enterprise.resource.webcontainer.jsf.config] (ServerService Thread Pool -- 90) Initializing Mojarra 2.3.17.SP01 for context '/WEB-LAB3-1.0'
2025-06-04 00:59:42,417 INFO  [org.primefaces.webapp.PostConstructApplicationEventListener] (ServerService Thread Pool -- 90) Running on PrimeFaces 8.0
2025-06-04 00:59:42,441 INFO  [org.wildfly.extension.undertow] (ServerService Thread Pool -- 90) WFLYUT0021: Registered web context: '/WEB-LAB3-1.0' for server 'default-server'
2025-06-04 00:59:42,533 INFO  [org.jboss.as.server] (Controller Boot Thread) WFLYSRV0010: Deployed "WEB-LAB3-1.0.war" (runtime-name : "WEB-LAB3-1.0.war")
2025-06-04 00:59:42,600 INFO  [org.jboss.as.server] (Controller Boot Thread) WFLYSRV0212: Resuming server
2025-06-04 00:59:42,605 INFO  [org.jboss.as] (Controller Boot Thread) WFLYSRV0025: WildFly Full 26.1.0.Final (WildFly Core 18.1.0.Final) started in 8291ms - Started 502 of 702 services (342 services are lazy, passive or on-demand) - Server configuration file in use: standalone.xml
2025-06-04 00:59:42,609 INFO  [org.jboss.as] (Controller Boot Thread) WFLYSRV0060: Http management interface listening on http://127.0.0.1:9990/management
2025-06-04 00:59:42,611 INFO  [org.jboss.as] (Controller Boot Thread) WFLYSRV0051: Admin console listening on http://127.0.0.1:9990
2025-06-04 01:00:43,884 SEVERE [javax.enterprise.resource.webcontainer.jsf.context] (default task-1) javax.faces.application.ViewExpiredException: viewId:/main.xhtml - View /main.xhtml could not be restored.
	at com.sun.jsf-impl@2.3.17.SP01//com.sun.faces.lifecycle.RestoreViewPhase.execute(RestoreViewPhase.java:195)
	at com.sun.jsf-impl@2.3.17.SP01//com.sun.faces.lifecycle.Phase.doPhase(Phase.java:76)
	at com.sun.jsf-impl@2.3.17.SP01//com.sun.faces.lifecycle.RestoreViewPhase.doPhase(RestoreViewPhase.java:110)
	at com.sun.jsf-impl@2.3.17.SP01//com.sun.faces.lifecycle.LifecycleImpl.execute(LifecycleImpl.java:177)
	at javax.faces.api@3.1.0.SP01//javax.faces.webapp.FacesServlet.executeLifecyle(FacesServlet.java:707)
	at javax.faces.api@3.1.0.SP01//javax.faces.webapp.FacesServlet.service(FacesServlet.java:451)
	at io.undertow.servlet@2.2.16.Final//io.undertow.servlet.handlers.ServletHandler.handleRequest(ServletHandler.java:74)
	at io.undertow.servlet@2.2.16.Final//io.undertow.servlet.handlers.FilterHandler$FilterChainImpl.doFilter(FilterHandler.java:129)
	at io.opentracing.contrib.opentracing-jaxrs2//io.opentracing.contrib.jaxrs2.server.SpanFinishingFilter.doFilter(SpanFinishingFilter.java:52)
	at io.undertow.servlet@2.2.16.Final//io.undertow.servlet.core.ManagedFilter.doFilter(ManagedFilter.java:61)
	at io.undertow.servlet@2.2.16.Final//io.undertow.servlet.handlers.FilterHandler$FilterChainImpl.doFilter(FilterHandler.java:131)
	at io.undertow.servlet@2.2.16.Final//io.undertow.servlet.handlers.FilterHandler.handleRequest(FilterHandler.java:84)
	at io.undertow.servlet@2.2.16.Final//io.undertow.servlet.handlers.security.ServletSecurityRoleHandler.handleRequest(ServletSecurityRoleHandler.java:62)
	at io.undertow.servlet@2.2.16.Final//io.undertow.servlet.handlers.ServletChain$1.handleRequest(ServletChain.java:68)
	at io.undertow.servlet@2.2.16.Final//io.undertow.servlet.handlers.ServletDispatchingHandler.handleRequest(ServletDispatchingHandler.java:36)
	at org.wildfly.security.elytron-web.undertow-server@1.10.1.Final//org.wildfly.elytron.web.undertow.server.ElytronRunAsHandler.lambda$handleRequest$1(ElytronRunAsHandler.java:68)
	at org.wildfly.security.elytron-base@1.19.0.Final//org.wildfly.security.auth.server.FlexibleIdentityAssociation.runAsFunctionEx(FlexibleIdentityAssociation.java:103)
	at org.wildfly.security.elytron-base@1.19.0.Final//org.wildfly.security.auth.server.Scoped.runAsFunctionEx(Scoped.java:161)
	at org.wildfly.security.elytron-base@1.19.0.Final//org.wildfly.security.auth.server.Scoped.runAs(Scoped.java:73)
	at org.wildfly.security.elytron-web.undertow-server@1.10.1.Final//org.wildfly.elytron.web.undertow.server.ElytronRunAsHandler.handleRequest(ElytronRunAsHandler.java:67)
	at io.undertow.servlet@2.2.16.Final//io.undertow.servlet.handlers.RedirectDirHandler.handleRequest(RedirectDirHandler.java:68)
	at io.undertow.servlet@2.2.16.Final//io.undertow.servlet.handlers.security.SSLInformationAssociationHandler.handleRequest(SSLInformationAssociationHandler.java:117)
	at io.undertow.servlet@2.2.16.Final//io.undertow.servlet.handlers.security.ServletAuthenticationCallHandler.handleRequest(ServletAuthenticationCallHandler.java:57)
	at io.undertow.core@2.2.16.Final//io.undertow.server.handlers.PredicateHandler.handleRequest(PredicateHandler.java:43)
	at io.undertow.core@2.2.16.Final//io.undertow.security.handlers.AbstractConfidentialityHandler.handleRequest(AbstractConfidentialityHandler.java:46)
	at io.undertow.servlet@2.2.16.Final//io.undertow.servlet.handlers.security.ServletConfidentialityConstraintHandler.handleRequest(ServletConfidentialityConstraintHandler.java:64)
	at io.undertow.core@2.2.16.Final//io.undertow.security.handlers.AbstractSecurityContextAssociationHandler.handleRequest(AbstractSecurityContextAssociationHandler.java:43)
	at org.wildfly.security.elytron-web.undertow-server-servlet@1.10.1.Final//org.wildfly.elytron.web.undertow.server.servlet.CleanUpHandler.handleRequest(CleanUpHandler.java:38)
	at io.undertow.core@2.2.16.Final//io.undertow.server.handlers.PredicateHandler.handleRequest(PredicateHandler.java:43)
	at org.wildfly.extension.undertow@26.1.0.Final//org.wildfly.extension.undertow.security.jacc.JACCContextIdHandler.handleRequest(JACCContextIdHandler.java:61)
	at io.undertow.core@2.2.16.Final//io.undertow.server.handlers.PredicateHandler.handleRequest(PredicateHandler.java:43)
	at org.wildfly.extension.undertow@26.1.0.Final//org.wildfly.extension.undertow.deployment.GlobalRequestControllerHandler.handleRequest(GlobalRequestControllerHandler.java:68)
	at io.undertow.servlet@2.2.16.Final//io.undertow.servlet.handlers.SendErrorPageHandler.handleRequest(SendErrorPageHandler.java:52)
	at io.undertow.core@2.2.16.Final//io.undertow.server.handlers.PredicateHandler.handleRequest(PredicateHandler.java:43)
	at io.undertow.servlet@2.2.16.Final//io.undertow.servlet.handlers.ServletInitialHandler.handleFirstRequest(ServletInitialHandler.java:275)
	at io.undertow.servlet@2.2.16.Final//io.undertow.servlet.handlers.ServletInitialHandler.access$100(ServletInitialHandler.java:79)
	at io.undertow.servlet@2.2.16.Final//io.undertow.servlet.handlers.ServletInitialHandler$2.call(ServletInitialHandler.java:134)
	at io.undertow.servlet@2.2.16.Final//io.undertow.servlet.handlers.ServletInitialHandler$2.call(ServletInitialHandler.java:131)
	at io.undertow.servlet@2.2.16.Final//io.undertow.servlet.core.ServletRequestContextThreadSetupAction$1.call(ServletRequestContextThreadSetupAction.java:48)
	at io.undertow.servlet@2.2.16.Final//io.undertow.servlet.core.ContextClassLoaderSetupAction$1.call(ContextClassLoaderSetupAction.java:43)
	at org.wildfly.extension.undertow@26.1.0.Final//org.wildfly.extension.undertow.deployment.UndertowDeploymentInfoService$UndertowThreadSetupAction.lambda$create$0(UndertowDeploymentInfoService.java:1544)
	at org.wildfly.extension.undertow@26.1.0.Final//org.wildfly.extension.undertow.deployment.UndertowDeploymentInfoService$UndertowThreadSetupAction.lambda$create$0(UndertowDeploymentInfoService.java:1544)
	at org.wildfly.extension.undertow@26.1.0.Final//org.wildfly.extension.undertow.deployment.UndertowDeploymentInfoService$UndertowThreadSetupAction.lambda$create$0(UndertowDeploymentInfoService.java:1544)
	at org.wildfly.extension.undertow@26.1.0.Final//org.wildfly.extension.undertow.deployment.UndertowDeploymentInfoService$UndertowThreadSetupAction.lambda$create$0(UndertowDeploymentInfoService.java:1544)
	at io.undertow.servlet@2.2.16.Final//io.undertow.servlet.handlers.ServletInitialHandler.dispatchRequest(ServletInitialHandler.java:255)
	at io.undertow.servlet@2.2.16.Final//io.undertow.servlet.handlers.ServletInitialHandler.access$000(ServletInitialHandler.java:79)
	at io.undertow.servlet@2.2.16.Final//io.undertow.servlet.handlers.ServletInitialHandler$1.handleRequest(ServletInitialHandler.java:100)
	at io.undertow.core@2.2.16.Final//io.undertow.server.Connectors.executeRootHandler(Connectors.java:387)
	at io.undertow.core@2.2.16.Final//io.undertow.server.HttpServerExchange$1.run(HttpServerExchange.java:852)
	at org.jboss.threads@2.4.0.Final//org.jboss.threads.ContextClassLoaderSavingRunnable.run(ContextClassLoaderSavingRunnable.java:35)
	at org.jboss.threads@2.4.0.Final//org.jboss.threads.EnhancedQueueExecutor.safeRun(EnhancedQueueExecutor.java:1990)
	at org.jboss.threads@2.4.0.Final//org.jboss.threads.EnhancedQueueExecutor$ThreadBody.doRunTask(EnhancedQueueExecutor.java:1486)
	at org.jboss.threads@2.4.0.Final//org.jboss.threads.EnhancedQueueExecutor$ThreadBody.run(EnhancedQueueExecutor.java:1348)
	at org.jboss.xnio@3.8.6.Final//org.xnio.XnioWorker$WorkerThreadFactory$1$1.run(XnioWorker.java:1280)
	at java.base/java.lang.Thread.run(Thread.java:833)

2025-06-04 01:00:43,919 SEVERE [javax.enterprise.resource.webcontainer.jsf.context] (default task-1) javax.faces.application.ViewExpiredException: viewId:/main.xhtml - View /main.xhtml could not be restored.
	at com.sun.jsf-impl@2.3.17.SP01//com.sun.faces.lifecycle.RestoreViewPhase.execute(RestoreViewPhase.java:195)
	at com.sun.jsf-impl@2.3.17.SP01//com.sun.faces.lifecycle.Phase.doPhase(Phase.java:76)
	at com.sun.jsf-impl@2.3.17.SP01//com.sun.faces.lifecycle.RestoreViewPhase.doPhase(RestoreViewPhase.java:110)
	at com.sun.jsf-impl@2.3.17.SP01//com.sun.faces.lifecycle.LifecycleImpl.execute(LifecycleImpl.java:177)
	at javax.faces.api@3.1.0.SP01//javax.faces.webapp.FacesServlet.executeLifecyle(FacesServlet.java:707)
	at javax.faces.api@3.1.0.SP01//javax.faces.webapp.FacesServlet.service(FacesServlet.java:451)
	at io.undertow.servlet@2.2.16.Final//io.undertow.servlet.handlers.ServletHandler.handleRequest(ServletHandler.java:74)
	at io.undertow.servlet@2.2.16.Final//io.undertow.servlet.handlers.FilterHandler$FilterChainImpl.doFilter(FilterHandler.java:129)
	at io.opentracing.contrib.opentracing-jaxrs2//io.opentracing.contrib.jaxrs2.server.SpanFinishingFilter.doFilter(SpanFinishingFilter.java:52)
	at io.undertow.servlet@2.2.16.Final//io.undertow.servlet.core.ManagedFilter.doFilter(ManagedFilter.java:61)
	at io.undertow.servlet@2.2.16.Final//io.undertow.servlet.handlers.FilterHandler$FilterChainImpl.doFilter(FilterHandler.java:131)
	at io.undertow.servlet@2.2.16.Final//io.undertow.servlet.handlers.FilterHandler.handleRequest(FilterHandler.java:84)
	at io.undertow.servlet@2.2.16.Final//io.undertow.servlet.handlers.security.ServletSecurityRoleHandler.handleRequest(ServletSecurityRoleHandler.java:62)
	at io.undertow.servlet@2.2.16.Final//io.undertow.servlet.handlers.ServletChain$1.handleRequest(ServletChain.java:68)
	at io.undertow.servlet@2.2.16.Final//io.undertow.servlet.handlers.ServletDispatchingHandler.handleRequest(ServletDispatchingHandler.java:36)
	at org.wildfly.security.elytron-web.undertow-server@1.10.1.Final//org.wildfly.elytron.web.undertow.server.ElytronRunAsHandler.lambda$handleRequest$1(ElytronRunAsHandler.java:68)
	at org.wildfly.security.elytron-base@1.19.0.Final//org.wildfly.security.auth.server.FlexibleIdentityAssociation.runAsFunctionEx(FlexibleIdentityAssociation.java:103)
	at org.wildfly.security.elytron-base@1.19.0.Final//org.wildfly.security.auth.server.Scoped.runAsFunctionEx(Scoped.java:161)
	at org.wildfly.security.elytron-base@1.19.0.Final//org.wildfly.security.auth.server.Scoped.runAs(Scoped.java:73)
	at org.wildfly.security.elytron-web.undertow-server@1.10.1.Final//org.wildfly.elytron.web.undertow.server.ElytronRunAsHandler.handleRequest(ElytronRunAsHandler.java:67)
	at io.undertow.servlet@2.2.16.Final//io.undertow.servlet.handlers.RedirectDirHandler.handleRequest(RedirectDirHandler.java:68)
	at io.undertow.servlet@2.2.16.Final//io.undertow.servlet.handlers.security.SSLInformationAssociationHandler.handleRequest(SSLInformationAssociationHandler.java:117)
	at io.undertow.servlet@2.2.16.Final//io.undertow.servlet.handlers.security.ServletAuthenticationCallHandler.handleRequest(ServletAuthenticationCallHandler.java:57)
	at io.undertow.core@2.2.16.Final//io.undertow.server.handlers.PredicateHandler.handleRequest(PredicateHandler.java:43)
	at io.undertow.core@2.2.16.Final//io.undertow.security.handlers.AbstractConfidentialityHandler.handleRequest(AbstractConfidentialityHandler.java:46)
	at io.undertow.servlet@2.2.16.Final//io.undertow.servlet.handlers.security.ServletConfidentialityConstraintHandler.handleRequest(ServletConfidentialityConstraintHandler.java:64)
	at io.undertow.core@2.2.16.Final//io.undertow.security.handlers.AbstractSecurityContextAssociationHandler.handleRequest(AbstractSecurityContextAssociationHandler.java:43)
	at org.wildfly.security.elytron-web.undertow-server-servlet@1.10.1.Final//org.wildfly.elytron.web.undertow.server.servlet.CleanUpHandler.handleRequest(CleanUpHandler.java:38)
	at io.undertow.core@2.2.16.Final//io.undertow.server.handlers.PredicateHandler.handleRequest(PredicateHandler.java:43)
	at org.wildfly.extension.undertow@26.1.0.Final//org.wildfly.extension.undertow.security.jacc.JACCContextIdHandler.handleRequest(JACCContextIdHandler.java:61)
	at io.undertow.core@2.2.16.Final//io.undertow.server.handlers.PredicateHandler.handleRequest(PredicateHandler.java:43)
	at org.wildfly.extension.undertow@26.1.0.Final//org.wildfly.extension.undertow.deployment.GlobalRequestControllerHandler.handleRequest(GlobalRequestControllerHandler.java:68)
	at io.undertow.servlet@2.2.16.Final//io.undertow.servlet.handlers.SendErrorPageHandler.handleRequest(SendErrorPageHandler.java:52)
	at io.undertow.core@2.2.16.Final//io.undertow.server.handlers.PredicateHandler.handleRequest(PredicateHandler.java:43)
	at io.undertow.servlet@2.2.16.Final//io.undertow.servlet.handlers.ServletInitialHandler.handleFirstRequest(ServletInitialHandler.java:275)
	at io.undertow.servlet@2.2.16.Final//io.undertow.servlet.handlers.ServletInitialHandler.access$100(ServletInitialHandler.java:79)
	at io.undertow.servlet@2.2.16.Final//io.undertow.servlet.handlers.ServletInitialHandler$2.call(ServletInitialHandler.java:134)
	at io.undertow.servlet@2.2.16.Final//io.undertow.servlet.handlers.ServletInitialHandler$2.call(ServletInitialHandler.java:131)
	at io.undertow.servlet@2.2.16.Final//io.undertow.servlet.core.ServletRequestContextThreadSetupAction$1.call(ServletRequestContextThreadSetupAction.java:48)
	at io.undertow.servlet@2.2.16.Final//io.undertow.servlet.core.ContextClassLoaderSetupAction$1.call(ContextClassLoaderSetupAction.java:43)
	at org.wildfly.extension.undertow@26.1.0.Final//org.wildfly.extension.undertow.deployment.UndertowDeploymentInfoService$UndertowThreadSetupAction.lambda$create$0(UndertowDeploymentInfoService.java:1544)
	at org.wildfly.extension.undertow@26.1.0.Final//org.wildfly.extension.undertow.deployment.UndertowDeploymentInfoService$UndertowThreadSetupAction.lambda$create$0(UndertowDeploymentInfoService.java:1544)
	at org.wildfly.extension.undertow@26.1.0.Final//org.wildfly.extension.undertow.deployment.UndertowDeploymentInfoService$UndertowThreadSetupAction.lambda$create$0(UndertowDeploymentInfoService.java:1544)
	at org.wildfly.extension.undertow@26.1.0.Final//org.wildfly.extension.undertow.deployment.UndertowDeploymentInfoService$UndertowThreadSetupAction.lambda$create$0(UndertowDeploymentInfoService.java:1544)
	at io.undertow.servlet@2.2.16.Final//io.undertow.servlet.handlers.ServletInitialHandler.dispatchRequest(ServletInitialHandler.java:255)
	at io.undertow.servlet@2.2.16.Final//io.undertow.servlet.handlers.ServletInitialHandler.access$000(ServletInitialHandler.java:79)
	at io.undertow.servlet@2.2.16.Final//io.undertow.servlet.handlers.ServletInitialHandler$1.handleRequest(ServletInitialHandler.java:100)
	at io.undertow.core@2.2.16.Final//io.undertow.server.Connectors.executeRootHandler(Connectors.java:387)
	at io.undertow.core@2.2.16.Final//io.undertow.server.HttpServerExchange$1.run(HttpServerExchange.java:852)
	at org.jboss.threads@2.4.0.Final//org.jboss.threads.ContextClassLoaderSavingRunnable.run(ContextClassLoaderSavingRunnable.java:35)
	at org.jboss.threads@2.4.0.Final//org.jboss.threads.EnhancedQueueExecutor.safeRun(EnhancedQueueExecutor.java:1990)
	at org.jboss.threads@2.4.0.Final//org.jboss.threads.EnhancedQueueExecutor$ThreadBody.doRunTask(EnhancedQueueExecutor.java:1486)
	at org.jboss.threads@2.4.0.Final//org.jboss.threads.EnhancedQueueExecutor$ThreadBody.run(EnhancedQueueExecutor.java:1377)
	at org.jboss.xnio@3.8.6.Final//org.xnio.XnioWorker$WorkerThreadFactory$1$1.run(XnioWorker.java:1280)
	at java.base/java.lang.Thread.run(Thread.java:833)

2025-06-04 01:00:46,293 SEVERE [javax.enterprise.resource.webcontainer.jsf.context] (default task-1) javax.faces.application.ViewExpiredException: viewId:/main.xhtml - View /main.xhtml could not be restored.
	at com.sun.jsf-impl@2.3.17.SP01//com.sun.faces.lifecycle.RestoreViewPhase.execute(RestoreViewPhase.java:195)
	at com.sun.jsf-impl@2.3.17.SP01//com.sun.faces.lifecycle.Phase.doPhase(Phase.java:76)
	at com.sun.jsf-impl@2.3.17.SP01//com.sun.faces.lifecycle.RestoreViewPhase.doPhase(RestoreViewPhase.java:110)
	at com.sun.jsf-impl@2.3.17.SP01//com.sun.faces.lifecycle.LifecycleImpl.execute(LifecycleImpl.java:177)
	at javax.faces.api@3.1.0.SP01//javax.faces.webapp.FacesServlet.executeLifecyle(FacesServlet.java:707)
	at javax.faces.api@3.1.0.SP01//javax.faces.webapp.FacesServlet.service(FacesServlet.java:451)
	at io.undertow.servlet@2.2.16.Final//io.undertow.servlet.handlers.ServletHandler.handleRequest(ServletHandler.java:74)
	at io.undertow.servlet@2.2.16.Final//io.undertow.servlet.handlers.FilterHandler$FilterChainImpl.doFilter(FilterHandler.java:129)
	at io.opentracing.contrib.opentracing-jaxrs2//io.opentracing.contrib.jaxrs2.server.SpanFinishingFilter.doFilter(SpanFinishingFilter.java:52)
	at io.undertow.servlet@2.2.16.Final//io.undertow.servlet.core.ManagedFilter.doFilter(ManagedFilter.java:61)
	at io.undertow.servlet@2.2.16.Final//io.undertow.servlet.handlers.FilterHandler$FilterChainImpl.doFilter(FilterHandler.java:131)
	at io.undertow.servlet@2.2.16.Final//io.undertow.servlet.handlers.FilterHandler.handleRequest(FilterHandler.java:84)
	at io.undertow.servlet@2.2.16.Final//io.undertow.servlet.handlers.security.ServletSecurityRoleHandler.handleRequest(ServletSecurityRoleHandler.java:62)
	at io.undertow.servlet@2.2.16.Final//io.undertow.servlet.handlers.ServletChain$1.handleRequest(ServletChain.java:68)
	at io.undertow.servlet@2.2.16.Final//io.undertow.servlet.handlers.ServletDispatchingHandler.handleRequest(ServletDispatchingHandler.java:36)
	at org.wildfly.security.elytron-web.undertow-server@1.10.1.Final//org.wildfly.elytron.web.undertow.server.ElytronRunAsHandler.lambda$handleRequest$1(ElytronRunAsHandler.java:68)
	at org.wildfly.security.elytron-base@1.19.0.Final//org.wildfly.security.auth.server.FlexibleIdentityAssociation.runAsFunctionEx(FlexibleIdentityAssociation.java:103)
	at org.wildfly.security.elytron-base@1.19.0.Final//org.wildfly.security.auth.server.Scoped.runAsFunctionEx(Scoped.java:161)
	at org.wildfly.security.elytron-base@1.19.0.Final//org.wildfly.security.auth.server.Scoped.runAs(Scoped.java:73)
	at org.wildfly.security.elytron-web.undertow-server@1.10.1.Final//org.wildfly.elytron.web.undertow.server.ElytronRunAsHandler.handleRequest(ElytronRunAsHandler.java:67)
	at io.undertow.servlet@2.2.16.Final//io.undertow.servlet.handlers.RedirectDirHandler.handleRequest(RedirectDirHandler.java:68)
	at io.undertow.servlet@2.2.16.Final//io.undertow.servlet.handlers.security.SSLInformationAssociationHandler.handleRequest(SSLInformationAssociationHandler.java:117)
	at io.undertow.servlet@2.2.16.Final//io.undertow.servlet.handlers.security.ServletAuthenticationCallHandler.handleRequest(ServletAuthenticationCallHandler.java:57)
	at io.undertow.core@2.2.16.Final//io.undertow.server.handlers.PredicateHandler.handleRequest(PredicateHandler.java:43)
	at io.undertow.core@2.2.16.Final//io.undertow.security.handlers.AbstractConfidentialityHandler.handleRequest(AbstractConfidentialityHandler.java:46)
	at io.undertow.servlet@2.2.16.Final//io.undertow.servlet.handlers.security.ServletConfidentialityConstraintHandler.handleRequest(ServletConfidentialityConstraintHandler.java:64)
	at io.undertow.core@2.2.16.Final//io.undertow.security.handlers.AbstractSecurityContextAssociationHandler.handleRequest(AbstractSecurityContextAssociationHandler.java:43)
	at org.wildfly.security.elytron-web.undertow-server-servlet@1.10.1.Final//org.wildfly.elytron.web.undertow.server.servlet.CleanUpHandler.handleRequest(CleanUpHandler.java:38)
	at io.undertow.core@2.2.16.Final//io.undertow.server.handlers.PredicateHandler.handleRequest(PredicateHandler.java:43)
	at org.wildfly.extension.undertow@26.1.0.Final//org.wildfly.extension.undertow.security.jacc.JACCContextIdHandler.handleRequest(JACCContextIdHandler.java:61)
	at io.undertow.core@2.2.16.Final//io.undertow.server.handlers.PredicateHandler.handleRequest(PredicateHandler.java:43)
	at org.wildfly.extension.undertow@26.1.0.Final//org.wildfly.extension.undertow.deployment.GlobalRequestControllerHandler.handleRequest(GlobalRequestControllerHandler.java:68)
	at io.undertow.servlet@2.2.16.Final//io.undertow.servlet.handlers.SendErrorPageHandler.handleRequest(SendErrorPageHandler.java:52)
	at io.undertow.core@2.2.16.Final//io.undertow.server.handlers.PredicateHandler.handleRequest(PredicateHandler.java:43)
	at io.undertow.servlet@2.2.16.Final//io.undertow.servlet.handlers.ServletInitialHandler.handleFirstRequest(ServletInitialHandler.java:275)
	at io.undertow.servlet@2.2.16.Final//io.undertow.servlet.handlers.ServletInitialHandler.access$100(ServletInitialHandler.java:79)
	at io.undertow.servlet@2.2.16.Final//io.undertow.servlet.handlers.ServletInitialHandler$2.call(ServletInitialHandler.java:134)
	at io.undertow.servlet@2.2.16.Final//io.undertow.servlet.handlers.ServletInitialHandler$2.call(ServletInitialHandler.java:131)
	at io.undertow.servlet@2.2.16.Final//io.undertow.servlet.core.ServletRequestContextThreadSetupAction$1.call(ServletRequestContextThreadSetupAction.java:48)
	at io.undertow.servlet@2.2.16.Final//io.undertow.servlet.core.ContextClassLoaderSetupAction$1.call(ContextClassLoaderSetupAction.java:43)
	at org.wildfly.extension.undertow@26.1.0.Final//org.wildfly.extension.undertow.deployment.UndertowDeploymentInfoService$UndertowThreadSetupAction.lambda$create$0(UndertowDeploymentInfoService.java:1544)
	at org.wildfly.extension.undertow@26.1.0.Final//org.wildfly.extension.undertow.deployment.UndertowDeploymentInfoService$UndertowThreadSetupAction.lambda$create$0(UndertowDeploymentInfoService.java:1544)
	at org.wildfly.extension.undertow@26.1.0.Final//org.wildfly.extension.undertow.deployment.UndertowDeploymentInfoService$UndertowThreadSetupAction.lambda$create$0(UndertowDeploymentInfoService.java:1544)
	at org.wildfly.extension.undertow@26.1.0.Final//org.wildfly.extension.undertow.deployment.UndertowDeploymentInfoService$UndertowThreadSetupAction.lambda$create$0(UndertowDeploymentInfoService.java:1544)
	at io.undertow.servlet@2.2.16.Final//io.undertow.servlet.handlers.ServletInitialHandler.dispatchRequest(ServletInitialHandler.java:255)
	at io.undertow.servlet@2.2.16.Final//io.undertow.servlet.handlers.ServletInitialHandler.access$000(ServletInitialHandler.java:79)
	at io.undertow.servlet@2.2.16.Final//io.undertow.servlet.handlers.ServletInitialHandler$1.handleRequest(ServletInitialHandler.java:100)
	at io.undertow.core@2.2.16.Final//io.undertow.server.Connectors.executeRootHandler(Connectors.java:387)
	at io.undertow.core@2.2.16.Final//io.undertow.server.HttpServerExchange$1.run(HttpServerExchange.java:852)
	at org.jboss.threads@2.4.0.Final//org.jboss.threads.ContextClassLoaderSavingRunnable.run(ContextClassLoaderSavingRunnable.java:35)
	at org.jboss.threads@2.4.0.Final//org.jboss.threads.EnhancedQueueExecutor.safeRun(EnhancedQueueExecutor.java:1990)
	at org.jboss.threads@2.4.0.Final//org.jboss.threads.EnhancedQueueExecutor$ThreadBody.doRunTask(EnhancedQueueExecutor.java:1486)
	at org.jboss.threads@2.4.0.Final//org.jboss.threads.EnhancedQueueExecutor$ThreadBody.run(EnhancedQueueExecutor.java:1377)
	at org.jboss.xnio@3.8.6.Final//org.xnio.XnioWorker$WorkerThreadFactory$1$1.run(XnioWorker.java:1280)
	at java.base/java.lang.Thread.run(Thread.java:833)

2025-06-04 01:00:51,001 INFO  [stdout] (default task-1) >>> Registering MBean instance: beans.AttemptStats@1e549ebe
2025-06-04 01:00:51,004 INFO  [stdout] (default task-1) >>> Registering MBean instance: beans.HitRatio@52a38002
2025-06-04 01:00:51,407 INFO  [stdout] (default task-1) server connected to the database
2025-06-04 01:00:51,425 INFO  [stdout] (default task-1) table created
2025-06-04 01:00:51,452 INFO  [stdout] (default task-1) results were read
2025-06-04 01:00:56,834 INFO  [stdout] (default task-1) a new entry has been added to the database
2025-06-04 01:00:57,535 INFO  [stdout] (default task-1) a new entry has been added to the database
2025-06-04 01:00:58,084 INFO  [stdout] (default task-1) a new entry has been added to the database
2025-06-04 01:01:24,568 INFO  [stdout] (*** Profiler Agent Communication Thread) Profiler Agent: Waiting for connection on port 5140 (Protocol version: 21)
2025-06-04 01:01:24,575 INFO  [stdout] (*** Profiler Agent Communication Thread) Profiler Agent: Established connection with the tool
2025-06-04 01:01:24,924 INFO  [stdout] (*** Profiler Agent Communication Thread) Profiler Agent: Local accelerated session
2025-06-04 01:01:45,661 INFO  [stdout] (*** Profiler Agent Communication Thread) Profiler Agent: Connection with agent closed
2025-06-04 01:01:53,947 INFO  [stdout] (*** Profiler Agent Communication Thread) Profiler Agent: Waiting for connection on port 5140 (Protocol version: 21)
2025-06-04 01:01:54,200 INFO  [stdout] (*** Profiler Agent Communication Thread) Profiler Agent: Established connection with the tool
2025-06-04 01:01:54,532 INFO  [stdout] (*** Profiler Agent Communication Thread) Profiler Agent: Local accelerated session
2025-06-04 01:02:39,483 INFO  [stdout] (default task-1) a new entry has been added to the database
2025-06-04 01:03:02,178 INFO  [stdout] (*** Profiler Agent Communication Thread) Profiler Agent: Local accelerated session
2025-06-04 01:06:25,521 INFO  [org.jboss.modules] (main) JBoss Modules version 2.0.2.Final
2025-06-04 01:06:26,016 INFO  [org.jboss.msc] (main) JBoss MSC version 1.4.13.Final
2025-06-04 01:06:26,028 INFO  [org.jboss.threads] (main) JBoss Threads version 2.4.0.Final
2025-06-04 01:06:26,140 INFO  [org.jboss.as] (MSC service thread 1-2) WFLYSRV0049: WildFly Full 26.1.0.Final (WildFly Core 18.1.0.Final) starting
2025-06-04 01:06:26,141 DEBUG [org.jboss.as.config] (MSC service thread 1-2) Configured system properties:
	file.encoding = Cp1252
	file.separator = \
	java.awt.headless = true
	java.class.path = D:\Desktop\IMPORTANT_STUDY\OPI\Lab 4\wildfly-26.1.0.Final\jboss-modules.jar
	java.class.version = 61.0
	java.home = D:\JDK17
	java.io.tmpdir = C:\Users\Admin\AppData\Local\Temp\
	java.library.path = D:\JDK17\bin;C:\WINDOWS\Sun\Java\bin;C:\WINDOWS\system32;C:\WINDOWS;D:\JDK17\bin;C:\Program Files\Common Files\Oracle\Java\javapath;C:\Windows\system32;C:\Windows;C:\Windows\System32\Wbem;C:\Windows\System32\WindowsPowerShell\v1.0\;C:\Windows\System32\OpenSSH\;C:\Program Files\NVIDIA Corporation\NVIDIA NvDLISR;C:\Program Files (x86)\NVIDIA Corporation\PhysX\Common;C:\WINDOWS\system32;C:\WINDOWS;C:\WINDOWS\System32\Wbem;C:\WINDOWS\System32\WindowsPowerShell\v1.0\;C:\WINDOWS\System32\OpenSSH\;C:\Program Files\dotnet\;C:\msys64\mingw64\bin;D:\php-8.3.3;%M2_HOME%\bin;C:\Program Files\WireGuard\;C:\Program Files\CMake\bin;C:\ProgramData\chocolatey\bin;C:\Users\Admin\AppData\Local\Microsoft\WindowsApps;C:\Users\Admin\AppData\Local\GitHubDesktop\bin;C:\apache-maven-3.8.8-bin\apache-maven-3.8.8\bin;D:\Microsoft VS Code\bin;C:\Program Files\TortoiseSVN\bin;C:\Program Files\SlikSvn\bin;D:\Desktop\IMPORTANT_STUDY\??????????? ??????????\wrench-Windows-X64;D:\Git\cmd;C:\Program Files\Common Files\Oracle\Java\javapath;C:\Windows\system32;C:\Windows;C:\Windows\System32\Wbem;C:\Windows\System32\WindowsPowerShell\v1.0\;C:\Windows\System32\OpenSSH\;C:\Program Files\NVIDIA Corporation\NVIDIA NvDLISR;C:\Program Files (x86)\NVIDIA Corporation\PhysX\Common;C:\WINDOWS\system32;C:\WINDOWS;C:\WINDOWS\System32\Wbem;C:\WINDOWS\System32\WindowsPowerShell\v1.0\;C:\WINDOWS\System32\OpenSSH\;C:\Program Files\dotnet\;C:\msys64\mingw64\bin;D:\Java\bin;D:\php-8.3.3;D:\Git\cmd;%M2_HOME%\bin;C:\Program Files\WireGuard\;C:\Program Files\CMake\bin;C:\ProgramData\chocolatey\bin;C:\Users\Admin\AppData\Local\Microsoft\WindowsApps;D:\JDK17\bin;C:\Users\Admin\AppData\Local\GitHubDesktop\bin;C:\apache-maven-3.8.8-bin\apache-maven-3.8.8\bin;D:\Microsoft VS Code\bin;D:\Desktop\IMPORTANT STUDY\??????????? ??????????\wrench-Windows-X64;D:\apache-ant-1.10.15\bin;;.
	java.net.preferIPv4Stack = true
	java.runtime.name = Java(TM) SE Runtime Environment
	java.runtime.version = 17.0.8+9-LTS-211
	java.security.manager = allow
	java.specification.name = Java Platform API Specification
	java.specification.vendor = Oracle Corporation
	java.specification.version = 17
	java.util.logging.manager = org.jboss.logmanager.LogManager
	java.vendor = Oracle Corporation
	java.vendor.url = https://java.oracle.com/
	java.vendor.url.bug = https://bugreport.java.com/bugreport/
	java.version = 17.0.8
	java.version.date = 2023-07-18
	java.vm.compressedOopsMode = 32-bit
	java.vm.info = mixed mode, sharing
	java.vm.name = Java HotSpot(TM) 64-Bit Server VM
	java.vm.specification.name = Java Virtual Machine Specification
	java.vm.specification.vendor = Oracle Corporation
	java.vm.specification.version = 17
	java.vm.vendor = Oracle Corporation
	java.vm.version = 17.0.8+9-LTS-211
	javax.management.builder.initial = org.jboss.as.jmx.PluggableMBeanServerBuilder
	jboss.home.dir = D:\Desktop\IMPORTANT_STUDY\OPI\Lab 4\wildfly-26.1.0.Final
	jboss.host.name = phamdangtrungng
	jboss.modules.dir = D:\Desktop\IMPORTANT_STUDY\OPI\Lab 4\wildfly-26.1.0.Final\modules
	jboss.modules.system.pkgs = org.jboss.byteman
	jboss.node.name = phamdangtrungng
	jboss.qualified.host.name = phamdangtrungng
	jboss.server.base.dir = D:\Desktop\IMPORTANT_STUDY\OPI\Lab 4\wildfly-26.1.0.Final\standalone
	jboss.server.config.dir = D:\Desktop\IMPORTANT_STUDY\OPI\Lab 4\wildfly-26.1.0.Final\standalone\configuration
	jboss.server.data.dir = D:\Desktop\IMPORTANT_STUDY\OPI\Lab 4\wildfly-26.1.0.Final\standalone\data
	jboss.server.deploy.dir = D:\Desktop\IMPORTANT_STUDY\OPI\Lab 4\wildfly-26.1.0.Final\standalone\data\content
	jboss.server.log.dir = D:\Desktop\IMPORTANT_STUDY\OPI\Lab 4\wildfly-26.1.0.Final\standalone\log
	jboss.server.name = phamdangtrungng
	jboss.server.persist.config = true
	jboss.server.temp.dir = D:\Desktop\IMPORTANT_STUDY\OPI\Lab 4\wildfly-26.1.0.Final\standalone\tmp
	jdk.debug = release
	line.separator = 

	logging.configuration = file:D:\Desktop\IMPORTANT_STUDY\OPI\Lab 4\wildfly-26.1.0.Final\standalone\configuration/logging.properties
	module.path = D:\Desktop\IMPORTANT_STUDY\OPI\Lab 4\wildfly-26.1.0.Final\modules
	native.encoding = Cp1252
	org.jboss.boot.log.file = D:\Desktop\IMPORTANT_STUDY\OPI\Lab 4\wildfly-26.1.0.Final\standalone\log\server.log
	org.jboss.resolver.warning = true
	os.arch = amd64
	os.name = Windows 11
	os.version = 10.0
	path.separator = ;
	program.name = standalone.bat
	sun.arch.data.model = 64
	sun.boot.library.path = D:\JDK17\bin
	sun.cpu.endian = little
	sun.cpu.isalist = amd64
	sun.io.unicode.encoding = UnicodeLittle
	sun.java.command = D:\Desktop\IMPORTANT_STUDY\OPI\Lab 4\wildfly-26.1.0.Final\jboss-modules.jar -mp D:\Desktop\IMPORTANT_STUDY\OPI\Lab 4\wildfly-26.1.0.Final\modules org.jboss.as.standalone -Djboss.home.dir=D:\Desktop\IMPORTANT_STUDY\OPI\Lab 4\wildfly-26.1.0.Final
	sun.java.launcher = SUN_STANDARD
	sun.jnu.encoding = Cp1252
	sun.management.compiler = HotSpot 64-Bit Tiered Compilers
	sun.os.patch.level = 
	sun.stderr.encoding = cp437
	sun.stdout.encoding = cp437
	user.country = US
	user.dir = D:\Desktop\IMPORTANT_STUDY\OPI\Lab 4\wildfly-26.1.0.Final\bin
	user.home = C:\Users\Admin
	user.language = en
	user.name = Admin
	user.script = 
	user.timezone = Europe/Moscow
	user.variant = 
2025-06-04 01:06:26,144 DEBUG [org.jboss.as.config] (MSC service thread 1-2) VM Arguments: -Dprogram.name=standalone.bat -Xms64M -Xmx512M -XX:MetaspaceSize=96M -XX:MaxMetaspaceSize=256m -Djava.net.preferIPv4Stack=true -Djboss.modules.system.pkgs=org.jboss.byteman -Djava.awt.headless=true --add-exports=java.desktop/sun.awt=ALL-UNNAMED --add-exports=java.naming/com.sun.jndi.ldap=ALL-UNNAMED --add-opens=java.base/java.lang=ALL-UNNAMED --add-opens=java.base/java.lang.invoke=ALL-UNNAMED --add-opens=java.base/java.io=ALL-UNNAMED --add-opens=java.base/java.lang.reflect=ALL-UNNAMED --add-opens=java.base/java.security=ALL-UNNAMED --add-opens=java.base/java.util=ALL-UNNAMED --add-opens=java.base/java.util.concurrent=ALL-UNNAMED --add-opens=java.management/javax.management=ALL-UNNAMED --add-opens=java.naming/javax.naming=ALL-UNNAMED -Djava.security.manager=allow -Dorg.jboss.boot.log.file=D:\Desktop\IMPORTANT_STUDY\OPI\Lab 4\wildfly-26.1.0.Final\standalone\log\server.log -Dlogging.configuration=file:D:\Desktop\IMPORTANT_STUDY\OPI\Lab 4\wildfly-26.1.0.Final\standalone\configuration/logging.properties 
2025-06-04 01:06:26,857 INFO  [org.wildfly.security] (ServerService Thread Pool -- 27) ELY00001: WildFly Elytron version 1.19.0.Final
2025-06-04 01:06:27,668 INFO  [org.jboss.as.server] (Controller Boot Thread) WFLYSRV0039: Creating http management service using socket-binding (management-http)
2025-06-04 01:06:27,694 INFO  [org.xnio] (MSC service thread 1-2) XNIO version 3.8.6.Final
2025-06-04 01:06:27,708 INFO  [org.xnio.nio] (MSC service thread 1-2) XNIO NIO Implementation Version 3.8.6.Final
2025-06-04 01:06:27,806 INFO  [org.jboss.as.jaxrs] (ServerService Thread Pool -- 56) WFLYRS0016: RESTEasy version 4.7.4.Final
2025-06-04 01:06:27,817 WARN  [org.jboss.as.txn] (ServerService Thread Pool -- 74) WFLYTX0013: The node-identifier attribute on the /subsystem=transactions is set to the default value. This is a danger for environments running multiple servers. Please make sure the attribute value is unique.
2025-06-04 01:06:27,848 INFO  [org.wildfly.extension.microprofile.jwt.smallrye] (ServerService Thread Pool -- 65) WFLYJWT0001: Activating MicroProfile JWT Subsystem
2025-06-04 01:06:27,883 INFO  [org.wildfly.extension.microprofile.config.smallrye] (ServerService Thread Pool -- 64) WFLYCONF0001: Activating MicroProfile Config Subsystem
2025-06-04 01:06:27,886 INFO  [org.wildfly.extension.elytron.oidc._private] (ServerService Thread Pool -- 52) WFLYOIDC0001: Activating WildFly Elytron OIDC Subsystem
2025-06-04 01:06:27,897 INFO  [org.wildfly.extension.health] (ServerService Thread Pool -- 53) WFLYHEALTH0001: Activating Base Health Subsystem
2025-06-04 01:06:27,928 INFO  [org.wildfly.extension.microprofile.opentracing] (ServerService Thread Pool -- 66) WFLYTRACEXT0001: Activating MicroProfile OpenTracing Subsystem
2025-06-04 01:06:27,928 INFO  [org.jboss.as.clustering.infinispan] (ServerService Thread Pool -- 54) WFLYCLINF0001: Activating Infinispan subsystem.
2025-06-04 01:06:27,929 INFO  [org.jboss.as.naming] (ServerService Thread Pool -- 67) WFLYNAM0001: Activating Naming Subsystem
2025-06-04 01:06:27,931 INFO  [org.jboss.as.webservices] (ServerService Thread Pool -- 76) WFLYWS0002: Activating WebServices Extension
2025-06-04 01:06:27,945 INFO  [org.jboss.as.jsf] (ServerService Thread Pool -- 61) WFLYJSF0007: Activated the following Jakarta Server Faces Implementations: [main]
2025-06-04 01:06:27,958 INFO  [org.wildfly.extension.metrics] (ServerService Thread Pool -- 63) WFLYMETRICS0001: Activating Base Metrics Subsystem
2025-06-04 01:06:28,115 INFO  [org.wildfly.extension.undertow] (MSC service thread 1-3) WFLYUT0003: Undertow 2.2.16.Final starting
2025-06-04 01:06:28,234 INFO  [org.jboss.as.connector.subsystems.datasources] (ServerService Thread Pool -- 44) WFLYJCA0004: Deploying JDBC-compliant driver class org.h2.Driver (version 1.4)
2025-06-04 01:06:28,249 INFO  [org.jboss.as.connector] (MSC service thread 1-5) WFLYJCA0009: Starting Jakarta Connectors Subsystem (WildFly/IronJacamar 1.5.3.Final)
2025-06-04 01:06:28,267 INFO  [org.jboss.as.naming] (MSC service thread 1-1) WFLYNAM0003: Starting Naming Service
2025-06-04 01:06:28,271 INFO  [org.jboss.as.mail.extension] (MSC service thread 1-4) WFLYMAIL0001: Bound mail session [java:jboss/mail/Default]
2025-06-04 01:06:28,274 INFO  [org.jboss.as.connector.deployers.jdbc] (MSC service thread 1-4) WFLYJCA0018: Started Driver service with driver-name = h2
2025-06-04 01:06:28,313 WARN  [org.wildfly.extension.elytron] (MSC service thread 1-1) WFLYELY00023: KeyStore file 'D:\Desktop\IMPORTANT_STUDY\OPI\Lab 4\wildfly-26.1.0.Final\standalone\configuration\application.keystore' does not exist. Used blank.
2025-06-04 01:06:28,360 INFO  [org.jboss.as.connector.subsystems.datasources] (ServerService Thread Pool -- 44) WFLYJCA0005: Deploying non-JDBC-compliant driver class org.postgresql.Driver (version 42.7)
2025-06-04 01:06:28,365 INFO  [org.wildfly.extension.io] (ServerService Thread Pool -- 55) WFLYIO001: Worker 'default' has auto-configured to 16 IO threads with 128 max task threads based on your 8 available processors
2025-06-04 01:06:28,371 INFO  [org.jboss.as.connector.deployers.jdbc] (MSC service thread 1-1) WFLYJCA0018: Started Driver service with driver-name = postgresql
2025-06-04 01:06:28,374 WARN  [org.wildfly.extension.elytron] (MSC service thread 1-1) WFLYELY01084: KeyStore D:\Desktop\IMPORTANT_STUDY\OPI\Lab 4\wildfly-26.1.0.Final\standalone\configuration\application.keystore not found, it will be auto generated on first use with a self-signed certificate for host localhost
2025-06-04 01:06:28,420 INFO  [org.wildfly.extension.undertow] (ServerService Thread Pool -- 75) WFLYUT0014: Creating file handler for path 'D:\Desktop\IMPORTANT_STUDY\OPI\Lab 4\wildfly-26.1.0.Final/welcome-content' with options [directory-listing: 'false', follow-symlink: 'false', case-sensitive: 'true', safe-symlink-paths: '[]']
2025-06-04 01:06:28,542 INFO  [org.jboss.remoting] (MSC service thread 1-2) JBoss Remoting version 5.0.24.Final
2025-06-04 01:06:28,552 INFO  [org.wildfly.extension.undertow] (MSC service thread 1-8) WFLYUT0012: Started server default-server.
2025-06-04 01:06:28,557 INFO  [org.jboss.as.ejb3] (MSC service thread 1-7) WFLYEJB0481: Strict pool slsb-strict-max-pool is using a max instance size of 128 (per class), which is derived from thread worker pool sizing.
2025-06-04 01:06:28,557 INFO  [org.jboss.as.ejb3] (MSC service thread 1-5) WFLYEJB0482: Strict pool mdb-strict-max-pool is using a max instance size of 32 (per class), which is derived from the number of CPUs on this host.
2025-06-04 01:06:28,558 INFO  [org.wildfly.extension.undertow] (MSC service thread 1-5) Queuing requests.
2025-06-04 01:06:28,564 INFO  [org.wildfly.extension.undertow] (MSC service thread 1-5) WFLYUT0018: Host default-host starting
2025-06-04 01:06:28,668 INFO  [org.wildfly.extension.undertow] (MSC service thread 1-4) WFLYUT0006: Undertow HTTP listener default listening on 127.0.0.1:8080
2025-06-04 01:06:28,769 INFO  [org.wildfly.extension.undertow] (MSC service thread 1-7) WFLYUT0006: Undertow HTTPS listener https listening on 127.0.0.1:8443
2025-06-04 01:06:28,880 INFO  [org.jboss.as.patching] (MSC service thread 1-8) WFLYPAT0050: WildFly Full cumulative patch ID is: base, one-off patches include: none
2025-06-04 01:06:28,884 INFO  [org.jboss.as.server.deployment.scanner] (MSC service thread 1-7) WFLYDS0013: Started FileSystemDeploymentService for directory D:\Desktop\IMPORTANT_STUDY\OPI\Lab 4\wildfly-26.1.0.Final\standalone\deployments
2025-06-04 01:06:28,898 INFO  [org.jboss.as.server.deployment] (MSC service thread 1-3) WFLYSRV0027: Starting deployment of "WEB-LAB3-1.0.war" (runtime-name: "WEB-LAB3-1.0.war")
2025-06-04 01:06:28,915 INFO  [org.jboss.as.ejb3] (MSC service thread 1-1) WFLYEJB0493: Jakarta Enterprise Beans subsystem suspension complete
2025-06-04 01:06:29,021 INFO  [org.jboss.as.connector.subsystems.datasources] (MSC service thread 1-3) WFLYJCA0001: Bound data source [java:jboss/datasources/postgresDS]
2025-06-04 01:06:29,021 INFO  [org.jboss.as.connector.subsystems.datasources] (MSC service thread 1-1) WFLYJCA0001: Bound data source [java:jboss/datasources/ExampleDS]
2025-06-04 01:06:29,026 INFO  [org.jboss.ws.common.management] (MSC service thread 1-6) JBWS022052: Starting JBossWS 5.4.4.Final (Apache CXF 3.4.5) 
2025-06-04 01:06:30,636 INFO  [org.jboss.weld.deployer] (MSC service thread 1-4) WFLYWELD0003: Processing weld deployment WEB-LAB3-1.0.war
2025-06-04 01:06:31,008 INFO  [org.hibernate.validator.internal.util.Version] (MSC service thread 1-4) HV000001: Hibernate Validator 6.0.23.Final
2025-06-04 01:06:32,184 INFO  [io.jaegertracing.internal.JaegerTracer] (MSC service thread 1-4) No shutdown hook registered: Please call close() manually on application shutdown.
2025-06-04 01:06:32,193 INFO  [org.wildfly.microprofile.opentracing.smallrye] (MSC service thread 1-4) WFLYTRAC0001: Tracer initialized: JaegerTracer(version=Java-1.6.0, serviceName=WEB-LAB3-1.0.war, reporter=RemoteReporter(sender=org.wildfly.extension.microprofile.opentracing.spi.sender.WildFlySender@6589f7ae, closeEnqueueTimeout=1000), sampler=ConstSampler(decision=true, tags={sampler.type=const, sampler.param=true}), tags={hostname=PHAMDANGTRUNGNGHIA, jaeger.version=Java-1.6.0, ip=192.168.4.108}, zipkinSharedRpcSpan=false, expandExceptionLogs=false, useTraceId128Bit=false)
2025-06-04 01:06:32,562 INFO  [org.jboss.as.connector.deployers.jdbc] (MSC service thread 1-3) WFLYJCA0005: Deploying non-JDBC-compliant driver class org.postgresql.Driver (version 42.5)
2025-06-04 01:06:32,591 INFO  [org.jboss.weld.Version] (MSC service thread 1-3) WELD-000900: 3.1.9 (Final)
2025-06-04 01:06:32,699 INFO  [org.jboss.as.connector.deployers.jdbc] (MSC service thread 1-2) WFLYJCA0018: Started Driver service with driver-name = WEB-LAB3-1.0.war_org.postgresql.Driver_42_5
2025-06-04 01:06:32,750 INFO  [org.infinispan.CONTAINER] (ServerService Thread Pool -- 78) ISPN000128: Infinispan version: Infinispan 'Triskaidekaphobia' 13.0.8.Final
2025-06-04 01:06:32,872 INFO  [org.infinispan.CONTAINER] (ServerService Thread Pool -- 78) ISPN000556: Starting user marshaller 'org.wildfly.clustering.infinispan.spi.marshalling.InfinispanProtoStreamMarshaller'
2025-06-04 01:06:33,450 INFO  [org.infinispan.CONFIG] (MSC service thread 1-7) ISPN000152: Passivation configured without an eviction policy being selected. Only manually evicted entities will be passivated.
2025-06-04 01:06:33,453 INFO  [org.infinispan.CONFIG] (MSC service thread 1-7) ISPN000152: Passivation configured without an eviction policy being selected. Only manually evicted entities will be passivated.
2025-06-04 01:06:33,476 INFO  [org.infinispan.CONTAINER] (ServerService Thread Pool -- 78) ISPN000025: wakeUpInterval is <= 0, not starting expired purge thread
2025-06-04 01:06:33,483 INFO  [org.jboss.as.clustering.infinispan] (ServerService Thread Pool -- 78) WFLYCLINF0002: Started http-remoting-connector cache from ejb container
2025-06-04 01:06:33,769 INFO  [javax.enterprise.resource.webcontainer.jsf.config] (ServerService Thread Pool -- 95) Initializing Mojarra 2.3.17.SP01 for context '/WEB-LAB3-1.0'
2025-06-04 01:06:34,905 INFO  [org.primefaces.webapp.PostConstructApplicationEventListener] (ServerService Thread Pool -- 95) Running on PrimeFaces 8.0
2025-06-04 01:06:34,931 INFO  [org.wildfly.extension.undertow] (ServerService Thread Pool -- 95) WFLYUT0021: Registered web context: '/WEB-LAB3-1.0' for server 'default-server'
2025-06-04 01:06:35,041 INFO  [org.jboss.as.server] (Controller Boot Thread) WFLYSRV0010: Deployed "WEB-LAB3-1.0.war" (runtime-name : "WEB-LAB3-1.0.war")
2025-06-04 01:06:35,091 INFO  [org.jboss.as.server] (Controller Boot Thread) WFLYSRV0212: Resuming server
2025-06-04 01:06:35,095 INFO  [org.jboss.as] (Controller Boot Thread) WFLYSRV0025: WildFly Full 26.1.0.Final (WildFly Core 18.1.0.Final) started in 9865ms - Started 502 of 702 services (342 services are lazy, passive or on-demand) - Server configuration file in use: standalone.xml
2025-06-04 01:06:35,098 INFO  [org.jboss.as] (Controller Boot Thread) WFLYSRV0060: Http management interface listening on http://127.0.0.1:9990/management
2025-06-04 01:06:35,099 INFO  [org.jboss.as] (Controller Boot Thread) WFLYSRV0051: Admin console listening on http://127.0.0.1:9990
2025-06-04 01:06:44,406 INFO  [stdout] (default task-1) >>> Registering MBean instance: beans.AttemptStats@271de3a9
2025-06-04 01:06:44,408 INFO  [stdout] (default task-1) >>> Registering MBean instance: beans.HitRatio@3a85260b
2025-06-04 01:06:44,796 INFO  [stdout] (default task-1) server connected to the database
2025-06-04 01:06:44,811 INFO  [stdout] (default task-1) table created
2025-06-04 01:06:44,823 INFO  [stdout] (default task-1) results were read
2025-06-04 01:06:48,257 INFO  [stdout] (default task-1) the table has been cleared
2025-06-04 01:06:51,689 INFO  [stdout] (default task-1) a new entry has been added to the database
2025-06-04 01:06:52,271 INFO  [stdout] (default task-1) a new entry has been added to the database
2025-06-04 01:06:52,582 INFO  [stdout] (default task-1) a new entry has been added to the database
2025-06-04 01:06:53,169 INFO  [stdout] (default task-1) a new entry has been added to the database
2025-06-04 01:06:53,567 INFO  [stdout] (default task-1) a new entry has been added to the database
2025-06-04 01:06:53,858 INFO  [stdout] (default task-1) a new entry has been added to the database
2025-06-04 01:06:54,230 INFO  [stdout] (default task-1) a new entry has been added to the database
2025-06-04 01:06:54,576 INFO  [stdout] (default task-1) a new entry has been added to the database
2025-06-04 01:06:54,800 INFO  [stdout] (default task-1) a new entry has been added to the database
2025-06-04 01:07:15,199 INFO  [stdout] (*** Profiler Agent Communication Thread) Profiler Agent: Waiting for connection on port 5140 (Protocol version: 21)
2025-06-04 01:07:15,445 INFO  [stdout] (*** Profiler Agent Communication Thread) Profiler Agent: Established connection with the tool
2025-06-04 01:07:15,784 INFO  [stdout] (*** Profiler Agent Communication Thread) Profiler Agent: Local accelerated session
2025-06-04 01:07:34,221 INFO  [stdout] (default task-1) a new entry has been added to the database
2025-06-04 01:07:34,723 INFO  [stdout] (default task-1) a new entry has been added to the database
2025-06-04 01:07:35,322 INFO  [stdout] (default task-1) a new entry has been added to the database
2025-06-04 01:07:35,748 INFO  [stdout] (default task-1) a new entry has been added to the database
2025-06-04 01:07:36,313 INFO  [stdout] (default task-1) a new entry has been added to the database
2025-06-04 01:07:36,523 INFO  [stdout] (default task-1) a new entry has been added to the database
2025-06-04 01:07:36,870 INFO  [stdout] (default task-1) a new entry has been added to the database
2025-06-04 01:07:37,183 INFO  [stdout] (default task-1) a new entry has been added to the database
2025-06-04 01:07:37,598 INFO  [stdout] (default task-1) a new entry has been added to the database
2025-06-04 01:07:37,956 INFO  [stdout] (default task-1) a new entry has been added to the database
2025-06-04 01:07:38,331 INFO  [stdout] (default task-1) a new entry has been added to the database
2025-06-04 01:07:43,983 INFO  [stdout] (default task-1) a new entry has been added to the database
2025-06-04 01:07:44,300 INFO  [stdout] (default task-1) a new entry has been added to the database
2025-06-04 01:07:44,935 INFO  [stdout] (default task-1) a new entry has been added to the database
2025-06-04 01:07:45,342 INFO  [stdout] (default task-1) a new entry has been added to the database
2025-06-04 01:07:45,971 INFO  [stdout] (default task-1) a new entry has been added to the database
2025-06-04 01:07:46,379 INFO  [stdout] (default task-1) a new entry has been added to the database
2025-06-04 01:07:46,700 INFO  [stdout] (default task-1) a new entry has been added to the database
2025-06-04 01:07:46,987 INFO  [stdout] (default task-1) a new entry has been added to the database
2025-06-04 01:07:47,662 INFO  [stdout] (default task-1) a new entry has been added to the database
2025-06-04 01:23:10,105 INFO  [stdout] (*** Profiler Agent Communication Thread) Profiler Agent: Local accelerated session
2025-06-04 01:23:35,306 ERROR [org.jboss.as.controller.management-operation] (DeploymentScanner-threads - 2) WFLYCTL0013: Operation ("read-children-resources") failed - address: ([]): java.lang.NoClassDefFoundError: org/graalvm/visualvm/lib/jfluid/server/ProfilerRuntimeCPUFullInstr
	at org.jboss.as.controller@18.1.0.Final//org.jboss.as.controller.registry.FastCopyHashMap$KeySet.size(Unknown Source)
	at java.base/java.util.HashSet.<init>(HashSet.java:120)
	at org.jboss.as.controller@18.1.0.Final//org.jboss.as.controller.registry.NodeSubregistry.getChildNames(NodeSubregistry.java:92)
	at org.jboss.as.controller@18.1.0.Final//org.jboss.as.controller.registry.ConcreteResourceRegistration.getChildAddresses(ConcreteResourceRegistration.java:916)
	at org.jboss.as.controller@18.1.0.Final//org.jboss.as.controller.registry.AbstractResourceRegistration.getChildAddresses(AbstractResourceRegistration.java:327)
	at org.jboss.as.controller@18.1.0.Final//org.jboss.as.controller.registry.DelegatingImmutableManagementResourceRegistration.getChildAddresses(DelegatingImmutableManagementResourceRegistration.java:151)
	at org.jboss.as.controller@18.1.0.Final//org.jboss.as.controller.operations.global.GlobalOperationHandlers.getChildAddresses(GlobalOperationHandlers.java:1053)
	at org.jboss.as.controller@18.1.0.Final//org.jboss.as.controller.operations.global.ReadChildrenResourcesHandler.execute(ReadChildrenResourcesHandler.java:94)
	at org.jboss.as.controller@18.1.0.Final//org.jboss.as.controller.AbstractOperationContext.executeStep(AbstractOperationContext.java:1045)
	at org.jboss.as.controller@18.1.0.Final//org.jboss.as.controller.AbstractOperationContext.processStages(AbstractOperationContext.java:777)
	at org.jboss.as.controller@18.1.0.Final//org.jboss.as.controller.AbstractOperationContext.executeOperation(AbstractOperationContext.java:466)
	at org.jboss.as.controller@18.1.0.Final//org.jboss.as.controller.OperationContextImpl.executeOperation(OperationContextImpl.java:1427)
	at org.jboss.as.controller@18.1.0.Final//org.jboss.as.controller.ModelControllerImpl.internalExecute(ModelControllerImpl.java:449)
	at org.jboss.as.controller@18.1.0.Final//org.jboss.as.controller.ModelControllerImpl.lambda$executeForResponse$0(ModelControllerImpl.java:260)
	at org.wildfly.security.elytron-base@1.19.0.Final//org.wildfly.security.auth.server.SecurityIdentity.runAs(SecurityIdentity.java:304)
	at org.wildfly.security.elytron-base@1.19.0.Final//org.wildfly.security.auth.server.SecurityIdentity.runAs(SecurityIdentity.java:270)
	at org.jboss.as.controller@18.1.0.Final//org.jboss.as.controller.ModelControllerImpl.executeForResponse(ModelControllerImpl.java:260)
	at org.jboss.as.controller@18.1.0.Final//org.jboss.as.controller.ModelControllerImpl.executeOperation(ModelControllerImpl.java:254)
	at org.jboss.as.controller@18.1.0.Final//org.jboss.as.controller.ModelControllerClientFactoryImpl$LocalClient.executeInModelControllerCl(ModelControllerClientFactoryImpl.java:275)
	at org.jboss.as.controller@18.1.0.Final//org.jboss.as.controller.ModelControllerClientFactoryImpl$LocalClient.executeOperation(ModelControllerClientFactoryImpl.java:173)
	at org.jboss.as.controller@18.1.0.Final//org.jboss.as.controller.ModelControllerClientFactoryImpl.lambda$executeInVm$0(ModelControllerClientFactoryImpl.java:367)
	at org.jboss.as.controller@18.1.0.Final//org.jboss.as.controller.access.InVmAccess.runInVm(InVmAccess.java:85)
	at org.jboss.as.controller@18.1.0.Final//org.jboss.as.controller.ModelControllerClientFactoryImpl.executeInVm(ModelControllerClientFactoryImpl.java:367)
	at org.jboss.as.controller@18.1.0.Final//org.jboss.as.controller.ModelControllerClientFactoryImpl.access$000(ModelControllerClientFactoryImpl.java:59)
	at org.jboss.as.controller@18.1.0.Final//org.jboss.as.controller.ModelControllerClientFactoryImpl$1.executeOperation(ModelControllerClientFactoryImpl.java:94)
	at org.jboss.as.controller@18.1.0.Final//org.jboss.as.controller.LocalModelControllerClient.execute(LocalModelControllerClient.java:54)
	at org.jboss.as.controller@18.1.0.Final//org.jboss.as.controller.LocalModelControllerClient.execute(LocalModelControllerClient.java:39)
	at org.jboss.as.deployment-scanner@18.1.0.Final//org.jboss.as.server.deployment.scanner.DefaultDeploymentOperations$Execution$1.execute(DefaultDeploymentOperations.java:135)
	at org.jboss.as.deployment-scanner@18.1.0.Final//org.jboss.as.server.deployment.scanner.DefaultDeploymentOperations.getDeploymentsStatus(DefaultDeploymentOperations.java:80)
	at org.jboss.as.deployment-scanner@18.1.0.Final//org.jboss.as.server.deployment.scanner.FileSystemDeploymentService$ScanContext.<init>(FileSystemDeploymentService.java:1718)
	at org.jboss.as.deployment-scanner@18.1.0.Final//org.jboss.as.server.deployment.scanner.FileSystemDeploymentService$ScanContext.<init>(FileSystemDeploymentService.java:1667)
	at org.jboss.as.deployment-scanner@18.1.0.Final//org.jboss.as.server.deployment.scanner.FileSystemDeploymentService.scan(FileSystemDeploymentService.java:603)
	at org.jboss.as.deployment-scanner@18.1.0.Final//org.jboss.as.server.deployment.scanner.FileSystemDeploymentService.scan(FileSystemDeploymentService.java:507)
	at org.jboss.as.deployment-scanner@18.1.0.Final//org.jboss.as.server.deployment.scanner.FileSystemDeploymentService$DeploymentScanRunnable.run(FileSystemDeploymentService.java:261)
	at java.base/java.util.concurrent.Executors$RunnableAdapter.call(Executors.java:539)
	at java.base/java.util.concurrent.FutureTask.runAndReset(FutureTask.java:305)
	at java.base/java.util.concurrent.ScheduledThreadPoolExecutor$ScheduledFutureTask.run(ScheduledThreadPoolExecutor.java:305)
	at java.base/java.util.concurrent.ThreadPoolExecutor.runWorker(ThreadPoolExecutor.java:1136)
	at java.base/java.util.concurrent.ThreadPoolExecutor$Worker.run(ThreadPoolExecutor.java:635)
	at java.base/java.lang.Thread.run(Thread.java:833)
	at org.jboss.threads@2.4.0.Final//org.jboss.threads.JBossThread.run(JBossThread.java:513)
Caused by: java.lang.ClassNotFoundException: org.graalvm.visualvm.lib.jfluid.server.ProfilerRuntimeCPUFullInstr from [Module "org.jboss.logmanager" version 2.1.18.Final from local module loader @132e0cc (finder: local module finder @7b205dbd (roots: D:\Desktop\IMPORTANT_STUDY\OPI\Lab 4\wildfly-26.1.0.Final\modules,D:\Desktop\IMPORTANT_STUDY\OPI\Lab 4\wildfly-26.1.0.Final\modules\system\layers\base))]
	... 41 more

2025-06-04 01:23:35,316 ERROR [org.jboss.as.server.deployment.scanner] (DeploymentScanner-threads - 2) WFLYDS0012: Scan of D:\Desktop\IMPORTANT_STUDY\OPI\Lab 4\wildfly-26.1.0.Final\standalone\deployments threw Exception: java.lang.RuntimeException: WFLYDS0036: Deployment model operation failed. WFLYCTL0158: Operation handler failed: java.lang.NoClassDefFoundError: org/graalvm/visualvm/lib/jfluid/server/ProfilerRuntimeCPUFullInstr
	at org.jboss.as.deployment-scanner@18.1.0.Final//org.jboss.as.server.deployment.scanner.DefaultDeploymentOperations.getDeploymentsStatus(DefaultDeploymentOperations.java:84)
	at org.jboss.as.deployment-scanner@18.1.0.Final//org.jboss.as.server.deployment.scanner.FileSystemDeploymentService$ScanContext.<init>(FileSystemDeploymentService.java:1718)
	at org.jboss.as.deployment-scanner@18.1.0.Final//org.jboss.as.server.deployment.scanner.FileSystemDeploymentService$ScanContext.<init>(FileSystemDeploymentService.java:1667)
	at org.jboss.as.deployment-scanner@18.1.0.Final//org.jboss.as.server.deployment.scanner.FileSystemDeploymentService.scan(FileSystemDeploymentService.java:603)
	at org.jboss.as.deployment-scanner@18.1.0.Final//org.jboss.as.server.deployment.scanner.FileSystemDeploymentService.scan(FileSystemDeploymentService.java:507)
	at org.jboss.as.deployment-scanner@18.1.0.Final//org.jboss.as.server.deployment.scanner.FileSystemDeploymentService$DeploymentScanRunnable.run(FileSystemDeploymentService.java:261)
	at java.base/java.util.concurrent.Executors$RunnableAdapter.call(Executors.java:539)
	at java.base/java.util.concurrent.FutureTask.runAndReset(FutureTask.java:305)
	at java.base/java.util.concurrent.ScheduledThreadPoolExecutor$ScheduledFutureTask.run(ScheduledThreadPoolExecutor.java:305)
	at java.base/java.util.concurrent.ThreadPoolExecutor.runWorker(ThreadPoolExecutor.java:1136)
	at java.base/java.util.concurrent.ThreadPoolExecutor$Worker.run(ThreadPoolExecutor.java:635)
	at java.base/java.lang.Thread.run(Thread.java:833)
	at org.jboss.threads@2.4.0.Final//org.jboss.threads.JBossThread.run(JBossThread.java:513)

2025-06-04 01:23:37,097 INFO  [stdout] (*** Profiler Agent Communication Thread) Profiler Agent: Local accelerated session
2025-06-04 01:24:01,869 INFO  [stdout] (*** Profiler Agent Communication Thread) Profiler Agent: Connection with agent closed
2025-06-04 01:25:09,834 INFO  [stdout] (*** Profiler Agent Communication Thread) Profiler Agent: Waiting for connection on port 5140 (Protocol version: 21)
2025-06-04 01:25:09,866 INFO  [stdout] (*** Profiler Agent Communication Thread) Profiler Agent: Established connection with the tool
2025-06-04 01:25:10,188 INFO  [stdout] (*** Profiler Agent Communication Thread) Profiler Agent: Local accelerated session
2025-06-04 01:25:26,646 INFO  [stdout] (default task-1) a new entry has been added to the database
2025-06-04 01:25:27,187 INFO  [stdout] (default task-1) a new entry has been added to the database
2025-06-04 01:25:43,176 INFO  [stdout] (default task-1) a new entry has been added to the database
2025-06-04 01:25:43,520 INFO  [stdout] (default task-1) a new entry has been added to the database
2025-06-04 01:25:43,855 INFO  [stdout] (default task-1) a new entry has been added to the database
2025-06-04 01:25:44,144 INFO  [stdout] (default task-1) a new entry has been added to the database
2025-06-04 01:25:44,544 INFO  [stdout] (default task-1) a new entry has been added to the database
2025-06-04 01:25:44,769 INFO  [stdout] (default task-1) a new entry has been added to the database
2025-06-04 01:25:45,038 INFO  [stdout] (default task-1) a new entry has been added to the database
2025-06-04 01:25:45,445 INFO  [stdout] (default task-1) a new entry has been added to the database
2025-06-04 01:25:45,685 INFO  [stdout] (default task-1) a new entry has been added to the database
2025-06-04 01:25:46,081 INFO  [stdout] (default task-1) a new entry has been added to the database
2025-06-04 01:25:46,301 INFO  [stdout] (default task-1) a new entry has been added to the database
2025-06-04 01:25:46,486 INFO  [stdout] (default task-1) a new entry has been added to the database
2025-06-04 01:25:46,877 INFO  [stdout] (default task-1) a new entry has been added to the database
2025-06-04 01:25:47,121 INFO  [stdout] (default task-1) a new entry has been added to the database
2025-06-04 01:25:47,312 INFO  [stdout] (default task-1) a new entry has been added to the database
2025-06-04 01:25:47,497 INFO  [stdout] (default task-1) a new entry has been added to the database
2025-06-04 01:25:47,685 INFO  [stdout] (default task-1) a new entry has been added to the database
2025-06-04 01:27:03,840 INFO  [stdout] (*** Profiler Agent Communication Thread) Profiler Agent: Connection with agent closed
2025-06-04 01:27:41,195 INFO  [stdout] (*** Profiler Agent Communication Thread) Profiler Agent: Waiting for connection on port 5140 (Protocol version: 21)
2025-06-04 01:27:41,224 INFO  [stdout] (*** Profiler Agent Communication Thread) Profiler Agent: Established connection with the tool
2025-06-04 01:27:41,549 INFO  [stdout] (*** Profiler Agent Communication Thread) Profiler Agent: Local accelerated session
2025-06-04 01:28:20,256 INFO  [stdout] (*** Profiler Agent Communication Thread) Profiler Agent: Connection with agent closed
2025-06-04 02:19:11,487 INFO  [org.jboss.as.server] (Thread-1) WFLYSRV0272: Suspending server
2025-06-04 02:19:11,567 INFO  [org.jboss.as.ejb3] (Thread-1) WFLYEJB0493: Jakarta Enterprise Beans subsystem suspension complete
2025-06-04 02:19:11,592 INFO  [org.jboss.as.server] (Thread-1) WFLYSRV0220: Server shutdown has been requested via an OS signal
2025-06-04 02:19:11,700 INFO  [org.jboss.as.connector.deployers.jdbc] (MSC service thread 1-3) WFLYJCA0019: Stopped Driver service with driver-name = WEB-LAB3-1.0.war_org.postgresql.Driver_42_5
2025-06-04 02:19:11,714 INFO  [org.jboss.as.connector.subsystems.datasources] (MSC service thread 1-3) WFLYJCA0010: Unbound data source [java:jboss/datasources/postgresDS]
2025-06-04 02:19:11,717 INFO  [org.jboss.as.mail.extension] (MSC service thread 1-6) WFLYMAIL0002: Unbound mail session [java:jboss/mail/Default]
2025-06-04 02:19:11,736 INFO  [org.wildfly.extension.undertow] (ServerService Thread Pool -- 98) WFLYUT0022: Unregistered web context: '/WEB-LAB3-1.0' from server 'default-server'
2025-06-04 02:19:11,761 WARN  [org.jboss.jca.core.connectionmanager.pool.strategy.OnePool] (ServerService Thread Pool -- 95) IJ000615: Destroying active connection in pool: PostgresDS (org.jboss.jca.adapters.jdbc.local.LocalManagedConnection@52dfbaf8)
2025-06-04 02:19:11,779 INFO  [org.jboss.as.connector.deployers.jdbc] (MSC service thread 1-3) WFLYJCA0019: Stopped Driver service with driver-name = postgresql
2025-06-04 02:19:11,846 INFO  [org.wildfly.extension.undertow] (MSC service thread 1-6) WFLYUT0019: Host default-host stopping
2025-06-04 02:19:11,891 INFO  [org.jboss.as.connector.subsystems.datasources] (MSC service thread 1-6) WFLYJCA0010: Unbound data source [java:jboss/datasources/ExampleDS]
2025-06-04 02:19:11,895 INFO  [org.jboss.as.connector.deployers.jdbc] (MSC service thread 1-6) WFLYJCA0019: Stopped Driver service with driver-name = h2
2025-06-04 02:19:12,000 INFO  [org.jboss.as.clustering.infinispan] (ServerService Thread Pool -- 103) WFLYCLINF0003: Stopped http-remoting-connector cache from ejb container
2025-06-04 02:19:12,103 INFO  [org.wildfly.extension.undertow] (MSC service thread 1-4) WFLYUT0008: Undertow HTTP listener default suspending
2025-06-04 02:19:12,103 INFO  [org.wildfly.extension.undertow] (MSC service thread 1-6) WFLYUT0008: Undertow HTTPS listener https suspending
2025-06-04 02:19:12,116 INFO  [org.wildfly.extension.undertow] (MSC service thread 1-6) WFLYUT0007: Undertow HTTPS listener https stopped, was bound to 127.0.0.1:8443
2025-06-04 02:19:12,116 INFO  [org.wildfly.extension.undertow] (MSC service thread 1-4) WFLYUT0007: Undertow HTTP listener default stopped, was bound to 127.0.0.1:8080
2025-06-04 02:19:12,137 INFO  [org.wildfly.extension.undertow] (MSC service thread 1-6) WFLYUT0004: Undertow 2.2.16.Final stopping
2025-06-04 02:19:12,238 INFO  [org.jboss.as.server.deployment] (MSC service thread 1-1) WFLYSRV0028: Stopped deployment WEB-LAB3-1.0.war (runtime-name: WEB-LAB3-1.0.war) in 578ms
2025-06-04 02:19:12,285 INFO  [org.jboss.as] (MSC service thread 1-2) WFLYSRV0050: WildFly Full 26.1.0.Final (WildFly Core 18.1.0.Final) stopped in 657ms
